Category,Subcategory,Item Number,Net Price,Description,Accessories,LifeView,Dual Disposition,Top,Finish,Oversize,Exterior Width,Exterior Length,Interior Width,Weight
Caskets & Containers - Metal,Bronze,147959,8206.91,"Z64 824 DH Classic Gold, Champagne Velvet",,,,CT,BR,,29.00,84.00,26.00,300
Caskets & Containers - Metal,Bronze,280178,4759.65,"Z65 8J3 D DaVinci Bronze, Champagne Velvet",3,,,CT,,,29.00,84.00,26.00,300
Caskets & Containers - Metal,Bronze,147862,4168.78,"O39 884 IDH Aegean Bronze, Champagne Velvet",,,,CT,BR,,28.50,83.50,24.00,260
Caskets & Containers - Metal,Copper,147929,4067.83,"Y35 625 DH Mediterranean Copper, Champagne Velvet",,,,FT,BR,,28.50,83.50,24.00,260
Caskets & Containers - Metal,Copper,147930,4067.83,"Y35 825 DH Mediterranean Copper, Champagne Velvet",,,,CT,BR,,28.50,83.50,24.00,260
Caskets & Containers - Metal,Copper,147935,3857.01,"Y39 884 IDH Aegean Copper, Champagne Velvet",,,,CT,BR,,28.50,83.50,24.00,260
Caskets & Containers - Metal,Stainless Steel,185493,2339.74,"UG1 828 CDH Golden Sand, Champagne Velvet-Charpente",4,,,CT,BR,,28.50,83.50,24.00,195
Caskets & Containers - Metal,Stainless Steel,185491,2339.74,"UG1 828 CDH Silver Sapphire, Silver Velvet-Charpente",4,,,CT,BR,,28.50,83.50,24.00,195
Caskets & Containers - Metal,Stainless Steel,147905,2265.51,"U23 833 IDH Onyx, Silver Velvet",,,,CT,BR,,28.50,83.50,24.00,195
Caskets & Containers - Metal,Stainless Steel,147901,2265.51,"U46 844 NDH Tapestry Rose, Moss Pink Velvet",,,,CT,BR,,28.50,83.50,24.00,195
Caskets & Containers - Metal,18 Gauge Steel,185487,2013.13,"JF9 825 CDH Golden Midnight, Champagne Velvet-Charpente",4,,,CT,BR,,28.50,83.50,24.00,220
Caskets & Containers - Metal,18 Gauge Steel,185489,2013.13,"JF9 825 CDH Golden Pearl, Eggshell Velvet-Charpente",4,,,CT,,,28.50,83.50,24.00,220
Caskets & Containers - Metal,18 Gauge Steel,147733,1882.48,"A37 833 D Sierra, Champagne Velvet",,,,CT,,,28.13,83.13,24.00,230
Caskets & Containers - Metal,18 Gauge Steel,239699,1832.01,"OE1 8J3 DH Golden Midnight, Champagne Velvet",3,,,CT,BR,,29.00,84.00,26.00,250
Caskets & Containers - Metal,18 Gauge Steel,239696,1832.01,"OE1 8J3 DH Golden Granite, Champagne Velvet",3,,,CT,BR,,29.00,84.00,26.00,250
Caskets & Containers - Metal,18 Gauge Steel,218068,1793.41,"P89 899 D Pieta Star Quartz, Champagne Velvet",,,,CT,BR,,28.25,83.13,23.88,208
Caskets & Containers - Metal,18 Gauge Steel,147825,1790.44,"J37 891 DH Topaz, Champagne Velvet",,,,CT,BR,,28.50,83.50,24.00,220
Caskets & Containers - Metal,18 Gauge Steel,239694,1754.81,"A60 8J3 CDH Merlot, Champagne Velvet",3,,,CT,,,28.13,83.13,24.00,230
Caskets & Containers - Metal,18 Gauge Steel,147723,1695.42,"A40 818 ND Primrose, Moss Pink Crepe",,,,CT,,,28.13,83.13,24.00,230
Caskets & Containers - Metal,18 Gauge Steel,147816,1618.22,"J37 800 DH Onyx, Silver Crepe",,,,CT,BR,,28.50,83.50,24.00,220
Caskets & Containers - Metal,18 Gauge Steel,261097,1589.35,"OT37 833 D Brushed Merlot, Champagne Velvet",,,,CT,BR,,28.13,83.13,24.00,230
Caskets & Containers - Metal,18 Gauge Steel,286130,1534.91,"NV1 8NP CDH Tuscany Silver, Ivory Basketweave",7,,,CT,BR,,28.25,83.13,23.88,208
Caskets & Containers - Metal,18 Gauge Steel,286125,1534.91,"NV1 8NP CDH Burnished Silver, Ivory Basketweave",7,,,CT,BR,,28.25,83.13,23.88,208
Caskets & Containers - Metal,18 Gauge Steel,246186,1508.36,"P90 8J3 UDH Star Quartz, Champagne Velvet with Dual Overlay",7,,,CT,BR,,28.25,83.13,23.88,208
Caskets & Containers - Metal,18 Gauge Steel,255454,1401.47,"OT9 8L7 DH Indigo Blue, Ivory Velvet",3,,,CT,BR,,28.13,83.13,24.00,230
Caskets & Containers - Metal,18 Gauge Steel,255453,1401.47,"OT9 8L7 DH Ivory, Ivory Velvet",3,,,CT,,,28.13,83.13,24.00,230
Caskets & Containers - Metal,18 Gauge Steel,255455,1400.48,"OT9 8L7 DH Onyx, Silver Velvet",3,,,CT,BR,,28.13,83.13,24.00,230
Caskets & Containers - Metal,18 Gauge Steel,241566,1398.50,"OT9 8L7 DH Violet Bouquet, Natural Velvet",3,,,CT,BR,,28.13,83.13,24.00,230
Caskets & Containers - Metal,18 Gauge Steel,216580,1398.50,"OT9 8L7 DH Auburn Sunset, Champagne Velvet",3,,,CT,BR,,28.13,83.13,24.00,230
Caskets & Containers - Metal,18 Gauge Steel,246018,1303.49,"ON9 8J3 DH Merlot-28, Champagne Velvet",3,,,CT,,D3,29.00,83.50,28.00,220
Caskets & Containers - Metal,18 Gauge Steel,239723,1264.89,"N01 8K3 CDH Merlot, Rosetan Crepe-Charpente",1,Y,,CT,,,28.25,83.13,23.88,208
Caskets & Containers - Metal,18 Gauge Steel,147883,1261.92,"P68 800 DH Desert Sand, Rosetan Crepe",,,,CT,,,28.25,83.13,23.88,208
Caskets & Containers - Metal,18 Gauge Steel,147852,1261.92,"O77 863 DH Ocean Blue, Light Blue Crepe",,,,CT,,,28.25,83.25,23.88,212
Caskets & Containers - Metal,18 Gauge Steel,280219,1258.95,"OC1 8K3 UH Carnation, Woven Ivory",1,Y,,CT,,,28.13,83.13,24.00,230
Caskets & Containers - Metal,18 Gauge Steel,280218,1258.95,"OC1 8K3 UH Finch, Woven Ivory",1,Y,,CT,,,28.13,83.13,24.00,230
Caskets & Containers - Metal,18 Gauge Steel,251960,1131.27,"NL1 8K3 H Claret, Woven Ivory",1,Y,,CT,,,28.25,83.13,23.88,208
Caskets & Containers - Metal,18 Gauge Steel,251973,1131.27,"NL1 8K3 H Royal Plum, Woven Ivory",1,Y,,CT,,,28.25,83.13,23.88,208
Caskets & Containers - Metal,20 Gauge Steel,286528,1550.00,"T60 Ivory Pearl, Ivory Basketweave",3,,,CT,BR,,28.13,83.13,24.00,230
Caskets & Containers - Metal,20 Gauge Steel,286529,1550.00,"T60 Platinum Pearl, Ivory Basketweave",3,,,CT,BR,,28.13,83.13,24.00,230
Caskets & Containers - Metal,20 Gauge Steel,286530,1550.00,"T60 Midnight Pearl, Ivory Basketweave",3,,,CT,BR,,28.13,83.13,24.00,230
Caskets & Containers - Metal,20 Gauge Steel,220682,1113.46,"OS9 8J4 DH Antique Blue-28, Light Blue Crepe",1,,,CT,,D3,28.25,83.25,28.00,220
Caskets & Containers - Metal,20 Gauge Steel,148083,1083.76,"S41 825 A Misty Blue, Light Blue Crepe",,,,CT,,,28.38,83.13,24.88,190
Caskets & Containers - Metal,20 Gauge Steel,148091,1080.79,"S41 8A5 D Silver Ebony, Ivory Crepe",,,,CT,,,28.38,83.13,24.88,190
Caskets & Containers - Metal,20 Gauge Steel,271815,1036.26,"M39 825 CH Auburn, Champagne Velvet",4,,,CT,,,28.50,83.50,24.00,195
Caskets & Containers - Metal,20 Gauge Steel,273920,1033.29,"M39 825 CH Carnation, Ivory Velvet",4,,,CT,,,28.50,83.50,24.00,195
Caskets & Containers - Metal,20 Gauge Steel,278177,1033.29,"M39 825 CH Huntington Green",4,,,CT,P,,28.50,83.50,24.00,195
Caskets & Containers - Metal,20 Gauge Steel,271817,1030.32,"M39 825 CH Midnight, Ivory Velvet",4,,,CT,,,28.50,83.50,24.00,195
Caskets & Containers - Metal,20 Gauge Steel,271819,1030.32,"M39 825 CH Neopolitan Blue, Ivory Velvet",4,,,CT,,,28.50,83.50,24.00,195
Caskets & Containers - Metal,20 Gauge Steel,148073,988.75,"S48 882 A Sunglow, Rosetan Crepe",,,,CT,,,28.38,83.13,24.88,190
Caskets & Containers - Metal,20 Gauge Steel,148075,988.75,"S48 826 A Vintage, Rosetan Crepe",,,,CT,,,28.38,83.13,24.88,190
Caskets & Containers - Metal,20 Gauge Steel,242739,884.83,"S01 8J7 CDH Sand, Rosetan Crepe",3,,,CT,,,28.38,83.13,24.88,190
Caskets & Containers - Metal,20 Gauge Steel,252121,884.83,"S01 8J7 HDH Ocean Blue, Ivory Crepe",3,,,CT,,,28.38,83.13,24.88,190
Caskets & Containers - Metal,20 Gauge Steel,148052,878.89,"QD3 8B8 A Galaxy, Silver Crepe",,,,CT,,,28.25,83.00,23.88,169
Caskets & Containers - Metal,20 Gauge Steel,242475,810.60,"Q01 8K3 AH Heirloom Pewter, Rosetan Crepe",1,Y,,CT,,,28.25,83.00,23.88,169
Caskets & Containers - Metal,20 Gauge Steel,252031,805.32,"Q01 8K3 AH Ivory, Ivory Crepe",1,Y,,CT,,,28.25,83.00,23.88,169
Caskets & Containers - Metal,20 Gauge Steel,242478,804.66,"Q01 8K3 AH Sand, Rosetan Crepe",1,Y,,CT,,,28.25,83.00,23.88,169
Caskets & Containers - Metal,20 Gauge Steel,148026,764.20,"Q02 805 A Graytone, Silver Crepe",,,,CT,,,28.25,83.00,23.88,169
Caskets & Containers - Metal,20 Gauge Steel,148028,763.09,"Q02 805 A Earthtone, Rosetan Crepe",,,,CT,,,28.25,83.00,23.88,169
Caskets & Containers - Metal ** Extended Delivery Time Required,Bronze ** Extended Delivery Time Required,147968,24347.57,"Z94 997 DH Promethean Bronze, Shasta Lily Citation Velvet",,,,FI,,,29.00,84.00,26.00,300
Caskets & Containers - Metal ** Extended Delivery Time Required,Bronze ** Extended Delivery Time Required,147963,24347.57,"Z94 925 SH Promethean Bronze, Spitfire Red Citation Velvet",,,,FI,,,,,,,
Caskets & Containers - Metal ** Extended Delivery Time Required,Bronze ** Extended Delivery Time Required,182054,23456.80,"Z94 697 DH Promethean Bronze, Shasta Lily Citation Velvet",,,,FT,,,,,,,
Caskets & Containers - Metal ** Extended Delivery Time Required,Bronze ** Extended Delivery Time Required,147957,8402.88,"Z64 924 DH Classic Gold, Champagne Velvet",,,,FI,BR,,29.00,84.00,26.00,300
Caskets & Containers - Metal ** Extended Delivery Time Required,Stainless Steel ** Extended Delivery Time Required,147873,11758.09,"OR7 976 LH Millennium, Blue Flame Whitehall Velvet",,,,FI,,,,,,,
Caskets & Containers - Metal ** Extended Delivery Time Required,Stainless Steel ** Extended Delivery Time Required,147872,11104.87,"OR7 676 LH Millennium, Shasta Lily Citation Velvet",,,,FT,,,28.88,83.88,26.00,180
Caskets & Containers - Metal ** Extended Delivery Time Required,Stainless Steel ** Extended Delivery Time Required,147875,11104.87,"OR7 825 DH Millennium, Cardinal Red Citation",,,,CT,,,,,,,
Caskets & Containers - Metal ** Extended Delivery Time Required,Stainless Steel ** Extended Delivery Time Required,184151,11104.87,"OR7 825 DH Millennium, Shasta Lily Citation",,,,CT,,,,,,,
Caskets & Containers - Wood,Mahogany,148252,5157.53,"8O9 892 LH Paragon Mahogany, Shasta Lily Velvet",4,,,CT,FR,,29.00,84.00,23.00,216
Caskets & Containers - Wood,Mahogany,148245,4228.16,"8PM 899 IHD Premier, Champagne Velvet",,,,CT,FR,,29.00,84.25,24.00,285
Caskets & Containers - Wood,Mahogany,148249,4186.59,"8X4 866 HD Eloquence Mahogany, Champagne Velvet-Wood Bed",,,,CT,FR,,28.00,83.00,24.00,245
Caskets & Containers - Wood,Mahogany,204210,3340.37,"8PM 965 HD Regent Mahogany, Champagne Velvet Wood Bed",,,,FI,FR,,29.00,83.75,24.00,280
Caskets & Containers - Wood,Mahogany,195846,3174.09,"8PM 865 HD Regent Mahogany, Champagne Velvet-Wood Bed",,,,CT,FR,,29.00,83.75,24.00,280
Caskets & Containers - Wood,Mahogany,195848,2758.40,"8NC 828 HD Chandler Mahogany, Champagne Velvet-Wood Bed",4,,,CT,SR,,28.00,82.63,24.00,235
Caskets & Containers - Wood,Cherry,148227,3782.78,"7PM 865 HD Pembroke Cherry, Champagne Velvet",,,,CT,FR,,29.00,83.75,24.00,280
Caskets & Containers - Wood,Cherry,148236,2779.19,"7YM 888 HDH Langdon Cherry, Champagne Velvet",,,,CT,S,,28.50,81.50,24.00,233
Caskets & Containers - Wood,Cherry,202512,1814.19,"7V3 828 HD Pearson Cherry, Champagne Velvet",4,,X,CT,VSR,,28.38,82.63,24.00,215
Caskets & Containers - Wood,Maple,148191,2550.56,"3Q9 892 LH Provincial Maple, Champagne Velvet",,,X,CT,S,,29.50,83.63,24.00,245
Caskets & Containers - Wood,Maple,148189,2547.59,"3XI 825 HD Pieta Maple, Champagne Velvet",4,,,CT,SR,,28.63,83.00,24.00,240
Caskets & Containers - Wood,Maple,244311,2408.03,"130 Prominence-Full Top, Champagne Velvet",4,,,FT,FR,,28.50,81.63,24.00,238
Caskets & Containers - Wood,Maple,244309,2405.44,"130 Prominence-Cut Top, Champagne Velvet",4,,,CT,FR,,28.50,81.63,24.00,238
Caskets & Containers - Wood,Maple,280399,2079.44,"3KW 8L8 UL Kenwood Maple, Champagne Velvet with Dual Overlay",3,,X,CT,FR,,29.00,84.25,24.00,245
Caskets & Containers - Wood,Maple,205164,1745.90,"3V8 825 HD Sacrament Maple, Champagne Velvet",4,,,CT,VSR,,28.63,83.00,24.00,215
Caskets & Containers - Wood,Maple,195853,1321.30,"3X5 825 D Muirfield Maple, Rosetan Crepe-Wood Bed",,,,CT,SR,,28.88,82.50,24.00,230
Caskets & Containers - Wood,Pecan,146799,1968.59,"20A 880 HD Woodbridge Pecan, Champagne Velvet",4,,,CT,S,,28.50,82.50,24.00,270
Caskets & Containers - Wood,Pecan,286402,1759.50,"2V1 8NP H Classic Pecan, Ivory Linwood",3,,,CT,S,,28.50,82.50,24.00,215
Caskets & Containers - Wood,Pecan,242987,1478.67,"2V4 8J3 CHD Woodford Pecan, Champagne Velvet-Charpente",7,,,CT,VGS,,28.50,82.50,24.00,215
Caskets & Containers - Wood,Pecan,205162,1339.12,"2V1 880 HD Woodhaven Pecan, Champagne Velvet",4,,X,CT,VS,,28.50,82.50,24.00,215
Caskets & Containers - Wood,Oak,146876,2381.31,"5ZZ 865 HD Barkley Oak, Champagne Velvet",4,,,CT,S,,28.75,82.25,24.00,240
Caskets & Containers - Wood,Oak,239372,2179.40,"521 8J3 CHD Warren Oak, Champagne Velvet-Charpente",3,,,CT,S,,28.50,82.50,24.00,260
Caskets & Containers - Wood,Oak,246688,1588.53,"5AR 828 HD Camden Oak, Champagne Velvet",4,,,CT,FR,,28.75,82.25,24.00,240
Caskets & Containers - Wood,Oak,202513,1558.84,"5V4 865 HD Cameron Oak, Champagne Velvet",4,,,CT,VS,,28.75,82.25,24.00,215
Caskets & Containers - Wood,Oak,215462,1353.96,"5V9 882 HD Benton Oak, Rosetan Crepe",4,,,CT,VS,,29.00,82.25,24.00,215
Caskets & Containers - Wood,Oak,195908,1330.21,"Eleanor Oak, Pink Crepe",,,,CT,VGS,,27.00,81.25,24.63,220
Caskets & Containers - Wood,Oak,269166,1330.21,"5BN 8K0 UPH Fireside Oak, Oatmeal Duck Cloth, Multiple Overlay",7,,X,CT,S,,28.25,82.25,24.00,250
Caskets & Containers - Wood,Oak,242572,1303.49,"532 8J5 CHD Brexton Oak, Champagne Velvet",,Y,,CT,VS,,27.50,82.25,24.00,215
Caskets & Containers - Wood,Oak,279580,1107.09,"4NZ 825 CH Novak, Khaki Linwood",4,,X,CT,VSR,,29.00,82.25,24.00,215
Caskets & Containers - Wood,Select Hardwood,283933,1922.31,"410 Forever Honored - Black, Linwood/Black Polyester",5,,X,CT,S,,28.50,81.63,24.00,238
Caskets & Containers - Wood,Select Hardwood,148201,1876.54,"41P 703 D Hartfield, Rosetan Crepe-Euro Size",4,,,CT,,,25.25,76.75,20.50,135
Caskets & Containers - Wood,Select Hardwood,269191,1784.50,"4EL 825 CH Cabernet, Shasta Lily Velvet with Finished Foot Dish",4,,X,CT,FR,,28.75,82.00,24.00,238
Caskets & Containers - Wood,Select Hardwood,245987,1692.45,"4DD 8J3 HD Mansfield-27, Rosetan Crepe",3,,X,CT,GS,D3,29.50,83.50,27.00,223
Caskets & Containers - Wood,Select Hardwood,255186,1570.72,"4HW 8L7 UHD Hartwick, Champagne Velvet with Dual Overlay",7,,,CT,S,,28.63,83.00,24.00,225
Caskets & Containers - Wood,Select Hardwood,284882,1390.45,"495 625 CH Bailey 28, Khaki Linwood",4,,X,FT,VS,D3,29.50,82.50,28.00,200
Caskets & Containers - Wood,Select Hardwood,284880,1390.45,"495 825 CH Bailey 28, Khaki Linwood",4,,X,CT,VS,D3,29.50,82.50,28.00,200
Caskets & Containers - Wood,Select Hardwood,252313,1244.10,"4V2 825 HD Weyburn-Last Supper, Champagne Velvet",4,,,CT,VSR,,28.75,82.50,24.00,215
Caskets & Containers - Wood,Select Hardwood,195866,1238.16,"4NP 882 D Hadyn, Rosetan Crepe-Wood Bed",4,,,CT,SR,,28.75,82.88,24.00,165
Caskets & Containers - Wood,Select Hardwood,242708,1229.26,"495 6J3 H Rosette, Natural Eyelet-Wood Bed",3,,,FT,VSR,,28.50,82.50,24.00,195
Caskets & Containers - Wood,Select Hardwood,285795,1229.06,"4V4 8NP H Crimson Montgomery",7,,X,CT,VSR,,28.23,81.56,24.00,240
Caskets & Containers - Wood,Select Hardwood,242707,1226.29,"495 8J3 H Rosette, Natural Eyelet-Wood Bed",3,,,CT,VSR,,28.20,81.50,24.00,195
Caskets & Containers - Wood,Select Hardwood,248178,1223.32,"4V2 825 HD Weyburn, Rosetan Crepe",4,,,CT,VSR,,28.75,82.50,24.00,215
Caskets & Containers - Wood,Select Hardwood,258838,1205.73,"4V4 825 HD Montgomery Red, Champagne Velvet",4,,,CT,VSR,,28.23,81.56,24.00,240
Caskets & Containers - Wood,Select Hardwood,265599,1190.66,"495 825 CDH Faircroft, Champagne Velvet",4,,,CT,VGS,OV,30.00,84.00,24.00,175
Caskets & Containers - Wood,Select Hardwood,284883,1161.21,"41X 8Q3 UHD Clifton 28, Rosetan Crepe",1,Y,X,CT,S,D3,29.50,84.50,28.00,217
Caskets & Containers - Wood,Select Hardwood,249224,1149.09,"4HD 825 HD Constance Select, Moss Pink Crepe-Wood Bed",4,,,CT,VSR,,28.23,81.56,24.00,240
Caskets & Containers - Wood,Select Hardwood,278474,1104.55,"4NZ 834 HD Watson, Khaki Linwood",4,,X,CT,VSR,,28.23,81.73,24.00,240
Caskets & Containers - Wood,Select Hardwood,205163,1092.67,"4V2 825 HD Weston, Rosetan Crepe",4,,,CT,VSR,,28.75,82.50,24.00,215
Caskets & Containers - Wood,Select Hardwood,251853,1092.67,"4V2 825 HD Weyburn Last Supper, Rosetan Crepe",4,,,CT,VSR,,28.75,82.50,24.00,215
Caskets & Containers - Wood,Select Hardwood,205161,1092.67,"4V1 891 HD Trenton, Rosetan Crepe",4,,,CT,VSR,,28.75,82.50,24.00,215
Caskets & Containers - Wood,Select Hardwood,246736,1060.01,"495 8J3 H Branson, Woven Saffron-Wood Bed",3,,,CT,VS,,28.63,82.25,24.00,175
Caskets & Containers - Wood,Select Hardwood,278583,1003.60,"Westcott Rosetan Crepe",,,,CT,,,29.00,82.25,22.75,148
Caskets & Containers - Wood,Select Hardwood,263784,994.69,"495 625 CH Riley, Ivory Linwood",4,,X,FT,VSR,,28.50,82.50,24.00,195
Caskets & Containers - Wood,Select Hardwood,263783,991.72,"495 825 CH Riley, Ivory Linwood",4,,X,CT,VSR,,28.63,82.50,24.00,175
Caskets & Containers - Wood,Select Hardwood,263781,991.72,"495 825 CH Bailey, Khaki Linwood",4,,X,CT,VS,,28.63,82.50,24.00,175
Caskets & Containers - Wood,Select Hardwood,260962,962.03,"4V4 825 HD MONTGOMERY/ROSETTE",4,,,,,,,28.23,81.56,24.00,240
Caskets & Containers - Wood,Select Hardwood,195862,935.30,"Brandon Select, Rosetan Crepe",,,,CT,,,27.50,81.75,23.25,148
Caskets & Containers - Wood,Select Hardwood,278475,905.61,"4NZ 834 HD Coleridge, Ivory Crepe",,,X,CT,VSR,,28.24,81.56,24.00,240
Caskets & Containers - Wood,Select Hardwood,195864,899.67,"Lambert Select, Rosetan Crepe",,,,CT,,,,82.25,22.75,130
Caskets & Containers - Wood,Select Hardwood,249223,891.41,"4V4 825 HD Montgomery, Rosetan Crepe-Wood Bed",4,,X,CT,VSR,,28.23,81.56,24.00,240
Caskets & Containers - Wood,Select Hardwood,146825,878.89,"4BH 891 D Gurnet, Rosetan Crepe",,,,CT,GS,,28.75,82.88,24.00,190
Caskets & Containers - Wood,Select Hardwood,229306,861.07,"4BH 691 UD Chestnut, Rosetan Crepe with Dual Overlay",,,X,FT,GS,,28.75,82.88,24.00,190
Caskets & Containers - Wood,Select Hardwood,229305,861.07,"4BH 891 UD Chestnut, Rosetan Crepe with Dual Overlay",,,X,CT,GS,,28.75,82.88,24.00,190
Caskets & Containers - Wood,Select Hardwood,258948,798.72,"4WB 8Q3 UDH Parkside, Rosetan Crepe with Dual Overlay",1,Y,X,CT,VS,,29.50,83.00,24.00,185
Caskets & Containers - Wood,Select Hardwood,195867,783.87,"Schafer Select, White Satin",,,,CT,,,26.75,82.00,21.75,147
Caskets & Containers - Wood,Select Hardwood,263630,778.99,"41X 8Q3 UHD Clifton, Rosetan Crepe with Dual Overlay",1,Y,X,CT,S,,28.25,82.50,24.00,170
Caskets & Containers - Wood,Select Hardwood,146824,772.44,"4VT 847 D Oxford, Rosetan Crepe",,,X,CT,S,,27.87,81.56,24.00,185
Caskets & Containers - Wood,Select Hardwood,195869,746.12,"Freelton Select, White Satin",,,,CT,,,28.00,79.50,23.00,138
Caskets & Containers - Wood,Select Hardwood,146853,712.98,"4C1 8J5 UDH Delray, Rosetan Crepe with Dual Overlay",,Y,X,CT,S,,27.90,81.35,23.94,185
Caskets & Containers - Wood,Select Hardwood,274158,695.60,"4C1 882 CDH Dryden Red, Rosetan Crepe",4,,X,CT,VS,,28.20,81.50,24.00,190
Caskets & Containers - Wood,Select Hardwood,278271,694.80,"4C1 882 CDH Dryden Brown, Rosetan Crepe",4,,X,CT,VS,,28.20,81.50,24.00,190
Caskets & Containers - Wood,Select Hardwood,284451,694.80,"4C1 682 CDH Dryden Brown, Rosetan Crepe",4,,X,FT,VS,,28.20,81.50,24.00,190
Caskets & Containers - Wood,Select Hardwood,195871,632.73,"Butler Aspen, White Barry",,,,CT,,,26.63,77.75,21.63,106
Caskets & Containers - Wood,Pine,146897,1000.63,"6LN 869 H Finley Pine, Rosetan Crepe",,,,CT,S,,28.25,82.25,24.00,205
Caskets & Containers - Wood,Walnut,148257,5311.93,"9TS 892 LH Seville Walnut, Champagne Velvet-Wood Bed",,,,CT,UR,,29.50,82.50,24.00,255
Caskets & Containers - Wood ** Extended Delivery Time Required,Mahogany ** Extended Delivery Time Required,148243,8800.76,"8SS 815 LH Montrachet Mahogany, Shasta Lily Velvet",,,,CT,UR,,29.00,82.50,24.00,250
Caskets & Containers - Wood ** Extended Delivery Time Required,Mahogany ** Extended Delivery Time Required,209436,5876.08,"710 President-Full Top, Silverbeige Velvet-Wood Bed",,,,FT,UR,,29.50,81.00,23.00,400
Caskets & Containers - Wood ** Extended Delivery Time Required,Mahogany ** Extended Delivery Time Required,202149,5876.08,"710 President-Cut Top, Silverbeige Velvet-Wood Bed",,,,CT,UR,,29.50,81.00,23.00,400
Caskets & Containers - Wood ** Extended Delivery Time Required,Mahogany ** Extended Delivery Time Required,201521,5374.28,"720 Provincial-Cut Top, Shasta Lily Velvet-Wood Bed",,,,CT,UR,,29.00,84.00,23.00,400
Caskets & Containers - NewPointe,18 Gauge Steel,281896,1548.30,"N18 8K9 D Vega Star Quartz, Champagne Velvet, Decorative Kit",,,,CT,BR,,28.25,83.13,23.88,208
Caskets & Containers - NewPointe,20 Gauge Steel,265532,1652.37,"CM5 8G0 Hercules Black-32, Ivory Crepe, Decorative Kit",,,,CT,,D4,33.00,87.75,32.00,231
Caskets & Containers - NewPointe,20 Gauge Steel,274280,1652.37,"CM5 8G0 Hercules White-32, Ivory Crepe, Decorative Kit",,,,CT,,D4,33.00,87.75,32.00,231
Caskets & Containers - NewPointe,20 Gauge Steel,274279,1233.71,"CM4 8K9 Hercules White-28, Ivory Crepe, Decorative Kit",,,,CT,,D3,29.00,84.00,28.00,220
Caskets & Containers - NewPointe,20 Gauge Steel,265526,1233.71,"CM4 8K9 Hercules Black-28, Ivory Crepe, Decorative Kit",,,,CT,,D3,29.00,84.00,28.00,220
Caskets & Containers - NewPointe,20 Gauge Steel,288171,1108.49,"QD3 8F3 A Scorpio Whit/Silver, Ivory Crepe",,,,CT,,,28.25,83.00,23.88,169
Caskets & Containers - NewPointe,20 Gauge Steel,288002,1108.49,"QD3 8F3 A Scorpio Sand, Ivory Crepe",,,,CT,,,28.25,83.00,23.88,169
Caskets & Containers - NewPointe,20 Gauge Steel,288000,1108.49,"QD3 8F3 A Scorpio Blue, Ivory Crepe",,,,CT,,,28.25,83.00,23.88,169
Caskets & Containers - NewPointe,20 Gauge Steel,287954,1108.49,"QD3 8F3 A Scorpio Mandarin, Rosetan Crepe",,,,CT,,,28.25,83.00,23.88,169
Caskets & Containers - NewPointe,20 Gauge Steel,287998,1108.49,"QD3 8F3 A Scorpio Grey, Ivory Crepe",,,,CT,,,28.25,83.00,23.88,169
Caskets & Containers - NewPointe,20 Gauge Steel,288003,1108.49,"QD3 8F3 A Scorpio Whit/Gold, Ivory Crepe",,,,CT,,,28.25,83.00,23.88,169
Caskets & Containers - NewPointe,20 Gauge Steel,234322,991.30,"QM2 8H5 A Aries White, Ivory Crepe",,,,CT,,,28.25,83.00,23.88,169
Caskets & Containers - NewPointe,20 Gauge Steel,234318,991.30,"QM2 8H5 A Aries Silver, Ivory Crepe",,,,CT,,,28.25,83.00,23.88,169
Caskets & Containers - NewPointe,20 Gauge Steel,234320,991.30,"QM2 8H5 A Aries Copper, Rosetan Crepe",,,,CT,,,28.25,83.00,23.88,169
Caskets & Containers - NewPointe,Wood,284990,1349.74,"4NE 825 DH Lunar Red, Champagne Velvet",,,X,CT,VSR,,28.75,82.50,24.00,215
Caskets & Containers - NewPointe,Wood,284994,1309.57,"4CI 825 D Lunar Brown, Rosetan Crepe",,,X,CT,VSR,,28.20,81.50,24.00,190
Caskets & Containers - NewPointe,Wood,246021,994.02,"427 825 DH Libra Harvest Red, Rosetan Crepe",,,X,CT,VS,,28.75,82.25,24.00,170
Caskets & Containers - NewPointe,Wood,241727,994.02,"427 880 D Libra Harvest Brown, Rosetan Crepe",,,X,CT,VS,,28.20,81.50,24.00,170
Caskets & Containers - NewPointe,Wood,248177,994.02,"427 880 D Libra Light Brown, Rosetan Crepe-Wood Bed",,,X,CT,VS,,28.75,82.25,24.00,170
Caskets & Containers - NewPointe,Wood,262858,721.52,"468 847 D Lynx Brown, Rosetan Crepe",,,X,CT,VS,,28.20,81.50,24.00,170
Caskets & Containers - NewPointe,Wood,257923,721.52,"468 847 D Lynx Light Brown, Rosetan Crepe",,,X,CT,VS,,28.20,81.50,24.00,170
Caskets & Containers - NewPointe,Wood,269152,699.25,"847 D Lyra Brown, Rosetan Crepe",,,X,CT,VS,,27.82,81.36,24.00,170
Caskets & Containers - NewPointe,Wood,269153,699.25,"647 D Lyra Brown, Rosetan Crepe",,,X,FT,VS,,27.82,81.36,24.00,170
Caskets & Containers - NewPointe,Wood,269150,699.25,"847 D Lyra Natural, Rosetan Crepe",,,X,CT,VS,,27.82,81.36,24.00,170
Caskets & Containers - NewPointe ** Extended Delivery Time Required,20 Gauge Steel ** Extended Delivery Time Required,274283,1652.37,"CM5 8G0 Hercules Blue-32, Ivory Crepe, Decorative Kit",,,,CT,,D4,33.00,87.75,32.00,231
Caskets & Containers - NewPointe ** Extended Delivery Time Required,20 Gauge Steel ** Extended Delivery Time Required,274282,1233.71,"CM4 8K9 Hercules Blue-28, Ivory Crepe, Decorative Kit",,,,CT,,D3,29.00,84.00,28.00,220
Caskets & Containers - NewPointe ** Extended Delivery Time Required,Non-Gasketed Steel ** Extended Delivery Time Required,274278,1028.83,"CM3 8K9 Hercules White NGS-28, Ivory Crepe, Decorative Kit",,,,CT,,D3,29.00,84.00,28.00,220
Caskets & Containers - NewPointe ** Extended Delivery Time Required,Non-Gasketed Steel ** Extended Delivery Time Required,274281,1028.83,"CM3 8K9 Hercules Blue NGS-28, Ivory Crepe, Decorative Kit",,,,CT,,D3,29.00,84.00,28.00,220
Caskets & Containers - Cloth,Cloth,147972,614.63,"Grey Doeskin Oversize Cut Top-29.5, Ivory Crepe",,,X,CT,,D4,33.00,86.00,29.50,80
Caskets & Containers - Cloth,Cloth,179295,489.92,"Blue Steel Cloth Sq Round Top, White Crepe-3X0 Handles",,,,CT,,,25.00,81.00,23.00,120
Caskets & Containers - Cloth,Cloth,147970,394.98,"Grey Doeskin Oval Cut Top, Ivory Crepe",,,X,CT,,,29.50,82.00,22.75,70
Caskets & Containers - Cloth,Cloth,179293,394.91,"Blue Steel Cloth Octagon, White Crepe-6 Handles",,,,CT,,,24.00,82.00,23.00,118
Caskets & Containers - Cloth,Cloth,179356,276.15,"Blue Steel Cloth Flat Top, White Crepe-4 Handles",,,,,,,23.00,77.00,21.25,103
Caskets & Containers - Cloth,Infant/Youth,179474,100.95,"Stillborn Square Casket, Crepe",,,,,,,,,,
Caskets & Containers - AWC,Oak,148121,1469.76,"5B1 7D5 H Oak Timber 344, Light Blue Crepe-With Handles",,,,CT,S,,28.63,82.00,22.50,235
Caskets & Containers - AWC,Select Hardwood,148117,1244.10,"4B2 747 H HDW Nutmeg 539L, Rosetan Crepe-With Handles",,,,CT,GS,,29.00,82.00,22.50,160
Caskets & Containers - AWC,Select Hardwood,148184,1042.19,"4AD 717 H HW Fluted 064, Rosetan Crepe-With Handles",,,,CT,S,,28.63,82.00,22.50,160
Caskets & Containers - AWC,Select Hardwood,148166,1033.29,"4G1 713 H HW Buckeye 043M, Rosetan Crepe-With Handles",,,,CT,S,,30.25,82.00,22.50,160
Caskets & Containers - AWC,Select Hardwood,148107,1009.53,"4AD 747 H HW Nut Brown 064M, Rosetan Crepe-With Handles",,,,CT,S,,28.50,82.00,22.50,125
Caskets & Containers - AWC,Select Hardwood,148102,801.69,"4G1 H HW Buckeye 041M, Ivory Crepe-Nar Reg-with Handles",,,,CT,S,,27.25,82.00,21.00,125
Caskets & Containers - AWC,Select Hardwood,148163,769.03,"4G1 H HW Unfinished 22L, Ivory Crepe-With Handles",,,,CT,U,,29.50,82.00,24.00,160
Caskets & Containers - AWC,Pine,284456,492.89,"6P1 Pine 52X Square H, No Interior-With Handles",,,,FT,U,,26.25,76.25,20.75,80
Caskets & Containers - Cremation Containers,NewPointe,281377,572.25,"Zenith Cremation Container, Ivory Crepe",,,,CT,,,28.38,81.69,23.88,90
Caskets & Containers - Cremation Containers,NewPointe,279185,572.25,"Hadley Cremation Container, Ivory Crepe",,,,CT,,,28.38,81.69,23.88,90
Caskets & Containers - Cremation Containers,NewPointe,279183,457.50,"Novato Cremation Container, Ivory Crepe",,,,CT,,,28.88,81.00,23.88,90
Caskets & Containers - Cremation Containers,NewPointe,281378,457.50,"Novato Grey Cremation Container, Ivory Crepe",,,,CT,,,28.88,81.00,23.88,90
Caskets & Containers - Cremation Containers,NewPointe,286664,40.58,"Durabox Cremation Container - Order in Qty 6pcs",,,,FT,,,24.50,79.25,23.75,15
Caskets & Containers - Cremation Containers,Alternative Containers,252322,354.96,"Caden Alternative Container Order in Quantity of 2 Pieces",,,,CT,,,29.00,81.50,24.50,25
Caskets & Containers - Cremation Containers,Alternative Containers,258323,261.00,"Wood Trayview® Alternative Container Order in Quantities of 3 Pieces",,,,,,,27.13,80.00,25.75,65
Caskets & Containers - Cremation Containers,Alternative Containers,248507,243.02,"Trayview® 27 Order in Quantity of 3 Pieces",,,,CT,,D3,28.75,80.00,27.00,32
Caskets & Containers - Cremation Containers,Alternative Containers,177130,204.16,"Standard Brown Order in Qty of 3 or 6 Pieces",,,,CT,,,26.00,79.00,24.00,80
Caskets & Containers - Cremation Containers,Alternative Containers,281888,154.86,"Trayview® 20 Alternative Container, Order in Quantity of 4 pcs",,,,CT,,,22.25,78.88,20.13,28
Caskets & Containers - Cremation Containers,Alternative Containers,242414,147.90,"Trayview® Alternative Container Order in Quantity of 4 Pieces",,,,CT,,,27.00,80.00,25.00,28
Caskets & Containers - Cremation Containers,Rental Products,246589,2019.64,"7PM 888 H Beckham 27 Rental, Champagne Velvet",,,,CT,SR,D4,31.50,85.00,27.00,215
Caskets & Containers - Cremation Containers,Rental Products,253476,2019.64,"7PM 888 H Beckham Rental Champagne Velvet",,,,CT,SR,,28.50,82.00,24.00,215
Caskets & Containers - Cremation Containers,Rental Products,253467,1706.94,"527 825 D Brockton Rental, Rosetan Crepe",,,,CT,S,,28.50,82.00,24.00,225
Caskets & Containers - Cremation Containers,Rental Products,246588,1706.94,"527 825 D Brockton 27 Rental, Rosetan Crepe",,,,CT,S,D4,31.50,85.00,27.00,225
Caskets & Containers - Cremation Containers,Rental Products,250228,396.14,"Wood Rental Insert Oversize Velvet Half Couch-Order Qty 2 pcs.",,,,CT,,,25.00,77.50,23.50,75
Caskets & Containers - Cremation Containers,Rental Products,253703,396.14,"Wood Rental Insert Standard Velvet Half Couch-Order Qty 2 pcs.",,,,CT,,,22.25,75.00,20.75,75
Caskets & Containers - Cremation Containers,Rental Products,253702,363.08,"Wood Rental Insert Standard Crepe Half Couch-Order Qty 2 pcs",,,,CT,,,22.25,75.00,20.75,75
Caskets & Containers - Cremation Containers,Rental Products,250226,363.08,"Wood Rental Insert Oversize Crepe Half Couch-Order Qty 2 pcs.",,,,CT,,,25.00,77.50,23.50,75
Caskets & Containers - Cremation Containers,Rental Products,283053,254.62,"Sureview Rental Insert Standard Crepe - Order Qty. 4",,,,CT,,,22.13,74.88,20.00,20
Caskets & Containers - Cremation Containers ** Extended Delivery Time Required,NewPointe ** Extended Delivery Time Required,286665,114.69,"Durabox-28 Cremation Container - Order in Qty 5 pcs",,,,FT,,,28.50,79.25,28.00,27
Caskets & Containers - Cremation Containers ** Extended Delivery Time Required,Alternative Containers ** Extended Delivery Time Required,145232,204.16,"The Standard Alternative Cont. Order in Qty of 3 or 6 Pieces",,,,CT,,,26.00,79.00,24.00,80
Caskets & Containers - Cremation Containers ** Extended Delivery Time Required,Rental Products ** Extended Delivery Time Required,286308,2233.53,"7PM 8J3 H Beckham 27 Rental, Champagne Velvet",3,,,CT,SR,D4,31.50,85.00,27.00,215
Caskets & Containers - Cremation Containers ** Extended Delivery Time Required,Rental Products ** Extended Delivery Time Required,286307,1908.02,"527 8J3 D Brockton 27 Rental, Rosetan Crepe",,,,CT,S,D4,31.50,85.00,27.00,225
Caskets & Containers - Cremation Containers ** Extended Delivery Time Required,Rental Products ** Extended Delivery Time Required,286305,1674.11,"4BJ 8J5 HD Fairview Rental 27",,Y,,CT,S,D4,31.50,85.00,27.00,175
Caskets & Containers - Cremation Containers ** Extended Delivery Time Required,Rental Products ** Extended Delivery Time Required,283201,1657.72,"4BJ 8J5 HD Fairview Rental 27, Rosetan Crepe",,Y,,CT,S,D4,31.50,85.00,27.00,175
Caskets & Containers - Cremation Containers ** Extended Delivery Time Required,Rental Products ** Extended Delivery Time Required,286356,1461.94,"4BJ 8J4 D Stratford 27 Rental, Rosetan Crepe",,,,CT,S,D4,31.50,85.00,27.00,175
Caskets & Containers - Cremation Containers ** Extended Delivery Time Required,Rental Products ** Extended Delivery Time Required,286357,1461.94,"4BJ 6J4 D Stratford 27 Rental, Rosetan Crepe",1,,,FT,S,D4,31.50,85.00,27.00,175
Caskets & Containers - Cremation Containers ** Extended Delivery Time Required,Rental Products ** Extended Delivery Time Required,283049,275.50,"Sureview Rental Insert Standard Velvet - Order Qty. 4",,,,CT,,,22.13,74.88,20.00,20
Caskets & Containers - Cremation Containers ** Extended Delivery Time Required,Rental Products ** Extended Delivery Time Required,283051,254.62,"Sureview Rental Insert Oversize Crepe - Order Qty. 4",,,,CT,,,25.38,76.38,23.25,21
Caskets & Containers - Alternative Container Interior,Alternative Container Interior,263926,40.60,"Optional Interior For Standard, Standard Brown, Stratus",,,,,,,,,,
Caskets & Containers - Alternative Container Interior,Alternative Container Interior,251522,20.88,"Optional Interior for Trayview 25 and Baden Alt. Containers Order in Qty of 4 pcs.",,,,,,,,,,
Caskets & Containers - Casket Supplies,Casket Supplies,238421,6.00,"Casket Hex Key - Short",,,,,,,,,,
Caskets & Containers - Casket Supplies,Casket Supplies,238422,6.00,"Casket Hex Key - Long",,,,,,,,,,
Caskets & Containers - Casket Supplies,Casket Supplies,281349,1.50,"Arm Support Block",,,,,,,,,,
Product Personalization - NewPointe,Decorative Kits,279252,39.00,"Mother Decorative Kit, Embroidered Applique (Decals for Vega/Virgo Only)",,,,,,,14.25,24.00,,
Product Personalization - NewPointe,Decorative Kits,279255,39.00,"Querido Padre Decorative Kit, Embroidered Applique (Decals for Vega/Virgo Only)",,,,,,,14.25,24.00,,
Product Personalization - NewPointe,Decorative Kits,279253,39.00,"Salmo 23, Embroidered Applique (Decals for Vega/Virgo Only)",,,,,,,14.25,24.00,,
Product Personalization - NewPointe,Decorative Kits,279249,39.00,"U.S. Flag Decorative Kit, Embroidered Applique (Decals for Vega/Virgo Only)",,,,,,,14.25,24.00,,
Product Personalization - NewPointe,Decorative Kits,279254,39.00,"Regresando a Casa Decorative Kit, Embroidered Applique (Decals for Vega/Virgo Only)",,,,,,,14.25,24.00,,
Product Personalization - NewPointe,Decorative Kits,279250,39.00,"Our Lady Of Guadalupe Decorative Kit, Printed Applique (Decals for Vega/Virgo Only)",,,,,,,14.25,24.00,,
Product Personalization - NewPointe,Decorative Kits,279247,39.00,"Praying Hands Decorative Kit, Embroidered Applique (Decals for Vega/Virgo Only)",,,,,,,14.25,24.00,,
Product Personalization - NewPointe,Decorative Kits,279251,39.00,"Father Decorative Kit, Embroidered Applique (Decals for Vega/Virgo Only)",,,,,,,14.25,24.00,,
Product Personalization - NewPointe,Decorative Kits,279256,39.00,"Querida Madre Decorative Kit, Embroidered Applique (Decals for Vega/Virgo Only)",,,,,,,14.25,24.00,,
Product Personalization - NewPointe,Decorative Kits,279248,39.00,"Going Home Decorative Kit, Embroidered Applique (Decals for Vega/Virgo Only)",,,,,,,14.25,24.00,,
Product Personalization - NewPointe,Decorative Kits,279246,39.00,"Rose Decorative Kit, Embroidered Applique (Decals for Vega/Virgo Only)",,,,,,,14.25,24.00,,
Product Personalization - Appliques & Medallions,Bronze,256130,265.06,"Unity Trigard Appliques",,,,,,,,,,
Product Personalization - Appliques & Medallions,Bronze,256129,258.10,"Horizontal Trigard Appliques",,,,,,,,,,
Product Personalization - Appliques & Medallions,Bronze,256131,254.04,"Bronze Cube Trigard Appliques",,,,,,,,,,
Product Personalization - Appliques & Medallions,Bronze,256133,234.90,"Eternal Companion Trigard Appliques",,,,,,,,,,
Product Personalization - Appliques & Medallions,Bronze,256132,219.82,"Memento Chest Trigard Applique",,,,,,,,,,
Product Personalization - Appliques & Medallions,Bronze,254484,202.42,"Unity Bench Applique",,,,,,,8.00,9.75,,
Product Personalization - Appliques & Medallions,Bronze,254496,202.42,"Unity Wheat Applique",,,,,,,8.00,9.75,,
Product Personalization - Appliques & Medallions,Bronze,254466,202.42,"Unity Rose Applique",,,,,,,8.00,9.75,,
Product Personalization - Appliques & Medallions,Bronze,254469,202.42,"Unity Mountain Applique",,,,,,,8.00,9.75,,
Product Personalization - Appliques & Medallions,Bronze,254475,202.42,"Unity Beach Applique",,,,,,,8.00,9.75,,
Product Personalization - Appliques & Medallions,Bronze,254493,202.42,"Unity Farm Applique",,,,,,,8.00,9.75,,
Product Personalization - Appliques & Medallions,Bronze,254468,179.80,"Horizontal Mountain Applique",,,,,,,5.38,8.94,,
Product Personalization - Appliques & Medallions,Bronze,254477,179.80,"Horizontal Lake Applique",,,,,,,5.38,8.94,,
Product Personalization - Appliques & Medallions,Bronze,254474,179.80,"Horizontal Beach Applique",,,,,,,5.38,8.94,,
Product Personalization - Appliques & Medallions,Bronze,254465,179.80,"Horizontal Rose Applique",,,,,,,5.38,8.94,,
Product Personalization - Appliques & Medallions,Bronze,254492,179.80,"Horizontal Farm Applique",,,,,,,5.38,8.94,,
Product Personalization - Appliques & Medallions,Bronze,254483,179.80,"Horizontal Bench Applique",,,,,,,5.38,8.94,,
Product Personalization - Appliques & Medallions,Bronze,254495,179.80,"Horizontal Wheat Applique",,,,,,,5.38,8.94,,
Product Personalization - Appliques & Medallions,Bronze,254482,179.80,"Vertical Bench Applique",,,,,,,4.44,9.00,,
Product Personalization - Appliques & Medallions,Bronze,259968,24.00,"Vanderbur Urn Vault Oval Bronze Engraving Plate",,,,,,,4.25,8.25,,
Product Personalization - Appliques & Medallions,Bronze,264747,0.01,"Charleston Urn Vault Bronze Engraving Plate",,,,,,,5.94,8.94,,
Product Personalization - Appliques & Medallions,Bronze,284257,0.01,"Rookwood Engraving Plate",,,,,,,2.00,0.75,,
Product Personalization - LifeStories Interiors,Black Tweed,285944,130.00,"LifeStories Interior Black Tweed",,,,,,,,,,
Product Personalization - LifeStories Interiors,Red Velvet,285945,130.00,"LifeStories Interior Red Velvet",,,,,,,,,,
Product Personalization - LifeStories Interiors,Royal Blue,285946,130.00,"LifeStories Interior Royal Blue",,,,,,,,,,
Product Personalization - LifeStories Interiors,Sage Green,285943,130.00,"LifeStories Interior Sage Green",,,,,,,,,,
Product Personalization - LifeStories Interiors,Silver Jacquard,285942,130.00,"LifeStories Interior Silver Jacquard",,,,,,,,,,
Product Personalization - LifeStories Display Medallions,Relationships,270050,60.00,"LifeStories Distressed Photoframe",,,,,,,0.88,8.13,,
Product Personalization - LifeStories Display Medallions,Relationships,251339,32.00,"LifeStories Daughter, 4.25 in. Display Medallion",,,,,,,4.25,4.25,,
Product Personalization - LifeStories Display Medallions,Relationships,240183,32.00,"LifeStories Traits, 4.25 in. Display Medallion",,,,,,,4.25,4.25,,
Product Personalization - LifeStories Display Medallions,Relationships,248386,32.00,"LifeStories Friend, 4.25 in. Display Medallion",,,,,,,4.25,4.25,,
Product Personalization - LifeStories Display Medallions,Relationships,259563,32.00,"Lifestories Father/Grandfather, 4.25 in. Display Medallion",,,,,,,4.25,4.25,,
Product Personalization - LifeStories Display Medallions,Relationships,243703,32.00,"LifeStories Mother/Grandmother, 4.25 in. Display Medallion",,,,,,,4.25,4.25,,
Product Personalization - LifeStories Display Medallions,Relationships,251337,32.00,"LifeStories Son, 4.25 in. Display Medallion",,,,,,,4.25,4.25,,
Product Personalization - LifeStories Display Medallions,Relationships,273830,32.00,"Lifestories Mom, 4.25 in. Display Medallion",,,,,,,4.25,4.25,,
Product Personalization - LifeStories Display Medallions,Relationships,274760,32.00,"LifeStories Mama, 4.25 in. Display Medallion",,,,,,,4.25,4.25,,
Product Personalization - LifeStories Display Medallions,Relationships,240184,32.00,"LifeStories Wife, 4.25 in. Display Medallion",,,,,,,4.25,4.25,,
Product Personalization - LifeStories Display Medallions,Relationships,275251,32.00,"LifeStories Imaged Medallion Blank",,,,,,,4.25,4.25,,
Product Personalization - LifeStories Display Medallions,Relationships,273828,32.00,"LifeStories Dad, 4.25 in. Display Medallion",,,,,,,4.25,4.25,,
Product Personalization - LifeStories Display Medallions,Relationships,274759,32.00,"LifeStories Papa, 4.25 in. Display Medallion",,,,,,,4.25,4.25,,
Product Personalization - LifeStories Display Medallions,Relationships,243698,32.00,"LifeStories Brother, 4.25 in. Display Medallion",,,,,,,4.25,4.25,,
Product Personalization - LifeStories Display Medallions,Relationships,243705,32.00,"LifeStories Together Forever, 4.25 in. Display Medallion",,,,,,,4.25,4.25,,
Product Personalization - LifeStories Display Medallions,Relationships,240178,32.00,"LifeStories Husband, 4.25 in. Display Medallion",,,,,,,4.25,4.25,,
Product Personalization - LifeStories Display Medallions,Relationships,273834,32.00,"LifeStories Grandpa, 4.25 in. Display Medallion",,,,,,,4.25,4.25,,
Product Personalization - LifeStories Display Medallions,Relationships,274761,32.00,"LifeStories, Abuela 4.25 in."" Display Medallion",,,,,,,4.25,4.25,,
Product Personalization - LifeStories Display Medallions,Relationships,243704,32.00,"LifeStories Sister, 4.25 in. Display Medallion",,,,,,,4.25,4.25,,
Product Personalization - LifeStories Display Medallions,Relationships,274762,32.00,"LifeStories Abuelo, 4.25 in. Display Medallion",,,,,,,4.25,4.25,,
Product Personalization - LifeStories Display Medallions,Relationships,273832,32.00,"LifeStories Grandma, 4.25 in. Display Medallion",,,,,,,4.25,4.25,,
Product Personalization - LifeStories Display Medallions,Spiritual/Religious,240172,32.00,"LifeStories Faith, 4.25 in. Display Medallion",,,,,,,4.25,4.25,,
Product Personalization - LifeStories Display Medallions,Spiritual/Religious,243701,32.00,"LifeStories Lord Is My Shepherd, 4.25 in. Display Medallion",,,,,,,4.25,4.25,,
Product Personalization - LifeStories Display Medallions,Spiritual/Religious,243714,32.00,"LifeStories Cross-Magnetic, Attach To LifeStories Casket",,,,,,,5.50,10.38,,
Product Personalization - LifeStories Display Medallions,Spiritual/Religious,242652,32.00,"LifeStories Canada In God's Care, 4.25 in. Display Medallion",,,,,,,4.25,4.25,,
Product Personalization - LifeStories Display Medallions,Spiritual/Religious,243699,32.00,"LifeStories Going Home, 4.25 in. Display Medallion",,,,,,,4.25,4.25,,
Product Personalization - LifeStories Display Medallions,Spiritual/Religious,240170,32.00,"LifeStories In God's Care (Cross), 4.25 in. Display Medallion",,,,,,,4.25,4.25,,
Product Personalization - LifeStories Display Medallions,Spiritual/Religious,240179,32.00,"LifeStories May The Work...for Me, 4.25 in. Display Medallion",,,,,,,4.25,4.25,,
Product Personalization - LifeStories Display Medallions,Spiritual/Religious,240174,32.00,"LifeStories Footprints, 4.25 in. Display Medallion",,,,,,,4.25,4.25,,
Product Personalization - LifeStories Display Medallions,Spiritual/Religious,243715,32.00,"LifeStories Crucifix-Magnetic, Attach To LifeStories Casket",,,,,,,5.50,10.38,,
Product Personalization - LifeStories Display Medallions,Spiritual/Religious,248387,32.00,"LifeStories Butterfly (In God's Presence),4.25 in. Display Med.",,,,,,,4.25,4.25,,
Product Personalization - LifeStories Display Medallions,Adapter,254437,14.00,"Adapter Magnets-Corner, LifeSymbols To LifeStories",,,,,,,1.00,1.00,,
Product Personalization - LifeStories Display Medallions,Adapter,248525,14.00,"Adapter Clip-Medallion, LifeStories to LifeSymbols",,,,,,,4.00,4.00,,
Product Personalization - LifeStories Display Medallions,Adapter,280540,14.00,"Tufted Panel Magnet Adapter",,,,,,,,,,
Product Personalization - LifeStories Display Medallions,Affiliations/Professions,240177,32.00,"LifeStories Honor & Courage, 4.25 in. Display Medallion",,,,,,,4.25,4.25,,
Product Personalization - LifeStories Display Medallions,Affiliations/Professions,240171,32.00,"LifeStories Eagle, 4.25 in. Display Medallion",,,,,,,4.25,4.25,,
Product Personalization - LifeStories Display Medallions,Affiliations/Professions,252670,32.00,"Lifestories Blank Display Medallion 4.25 in.",,,,,,,4.25,4.25,,
Product Personalization - LifeStories Display Medallions,Affiliations/Professions,243700,32.00,"LifeStories Lest We Forget, 4.25 in. Display Medallion",,,,,,,4.25,4.25,,
Product Personalization - LifeStories Display Medallions,Affiliations/Professions,273836,32.00,"LifeStories Truck Driver, 4.25 in. Display Medallion",,,,,,,4.25,4.25,,
Product Personalization - LifeStories Display Medallions,Affiliations/Professions,243702,32.00,"LifeStories Masonic, 4.25 in. Display Medallion",,,,,,,4.25,4.25,,
Product Personalization - LifeSymbols Corners,Affiliations/Professions,233748,32.00,"LifeSymbols Firefighter, Corner - Single Piece",,,,,,,4.50,1.00,,
Product Personalization - LifeSymbols Corners,Affiliations/Professions,273841,32.00,"LifeSymbols Protect & Serve Corner",,,,,,,,,,
Product Personalization - LifeSymbols Corners,Miscellaneous,238238,32.00,"LifeSymbols Cabris Tiffany Gold, Corner - Single Piece",,,,,,,1.50,3.75,,
Product Personalization - LifeSymbols Corners,Miscellaneous,238237,32.00,"LifeSymbols Cabris Antique Nickel, Corner - Single Piece",,,,,,,1.50,3.75,,
Product Personalization - LifeSymbols Corners,Life's Interests/Hobbies,201615,32.00,"LifeSymbols Music, Corner - Single Piece",,,,,,,3.50,2.00,,
Product Personalization - LifeSymbols Corners,Life's Interests/Hobbies,198511,32.00,"LifeSymbols Maple Leaf, Corner - Single Piece",,,,,,,4.50,1.50,,
Product Personalization - LifeSymbols Corners,Life's Interests/Hobbies,273840,32.00,"LifeSymbols Western Corner 3D",,,,,,,,,,
Product Personalization - LifeSymbols Corners,Life's Interests/Hobbies,224298,32.00,"LifeSymbols Red Rose, Corner - Single Piece",,,,,,,5.50,2.00,,
Product Personalization - LifeSymbols Corners,Life's Interests/Hobbies,189549,32.00,"LifeSymbols Bass, Corner - Single Piece",,,,,,,3.50,2.00,,
Product Personalization - LifeSymbols Corners,Life's Interests/Hobbies,189547,32.00,"LifeSymbols Gardening, Corner - Single Piece",,,,,,,4.25,2.25,,
Product Personalization - LifeSymbols Corners,Life's Interests/Hobbies,189542,32.00,"LifeSymbols Gold Rose, Corner - Single Piece",,,,,,,5.50,2.00,,
Product Personalization - LifeSymbols Corners,Life's Interests/Hobbies,273839,32.00,"LifeSymbols Coastal Corner 3D",,,,,,,,,,
Product Personalization - LifeSymbols Corners,Life's Interests/Hobbies,205748,32.00,"LifeSymbols Baseball, Corner - Single Piece-Antique",,,,,,,4.00,2.00,,
Product Personalization - LifeSymbols Corners,Life's Interests/Hobbies,264584,32.00,"Interlocking Tiffany Gold Heart Applique",,,,,,,4.38,,,
Product Personalization - LifeSymbols Corners,Life's Interests/Hobbies,194788,32.00,"LifeSymbols Majestic (Deer), Corner - Single Piece",,,,,,,4.25,2.00,,
Product Personalization - LifeSymbols Corners,Life's Interests/Hobbies,201611,32.00,"LifeSymbols Mallard, Corner - Single Piece",,,,,,,3.75,1.75,,
Product Personalization - LifeSymbols Corners,Life's Interests/Hobbies,198513,32.00,"LifeSymbols Hockey Skates, Corner - Single Piece",,,,,,,3.25,2.50,,
Product Personalization - LifeSymbols Corners,Life's Interests/Hobbies,201607,32.00,"LifeSymbols Barn Scene, Corner - Single Piece",,,,,,,4.00,2.00,,
Product Personalization - LifeSymbols Corners,Life's Interests/Hobbies,205694,32.00,"LifeSymbols Bouquet, Corner - Single Piece",,,,,,,4.00,1.75,,
Product Personalization - LifeSymbols Corners,Life's Interests/Hobbies,215617,32.00,"LifeSymbols Golf, Corner - Single Piece",,,,,,,4.00,2.00,,
Product Personalization - LifeSymbols Corners,Spiritual/Religious,189539,32.00,"LifeSymbols Praying Hands, Corner - Single Piece",,,,,,,3.25,1.50,,
Product Personalization - LifeSymbols Corners,Spiritual/Religious,243577,32.00,"LifeSymbols Sacred Heart Jesus, Corner - Single Piece",,,,,,,3.00,1.75,,
Product Personalization - LifeSymbols Corners,Spiritual/Religious,270122,32.00,"Lifesymbols Lotus Flower Corner",,,,,,,4.50,6.00,,
Product Personalization - LifeSymbols Corners,Spiritual/Religious,231161,32.00,"LifeSymbols 23rd Psalm, Corner - Single Piece",,,,,,,4.25,1.50,,
Product Personalization - LifeSymbols Corners,Spiritual/Religious,273838,32.00,"LifeSymbols Modern Angel Corner 3D",,,,,,,,,,
Product Personalization - LifeSymbols Corners,Spiritual/Religious,243580,32.00,"LifeSymbols Immaculate Heart Mary, Corner - Single Piece",,,,,,,3.00,1.75,,
Product Personalization - LifeSymbols Corners,Spiritual/Religious,189540,32.00,"LifeSymbols Pieta, Corner - Single Piece",,,,,,,4.00,2.50,,
Product Personalization - LifeSymbols Corners,Spiritual/Religious,239968,32.00,"LifeSymbols Praying Hands, Corner - Single Piece-Silver",,,,,,,3.25,1.50,,
Product Personalization - LifeSymbols Corners,Spiritual/Religious,239965,32.00,"LifeSymbols Pieta Silver Finish, Corner - Single Piece",,,,,,,4.00,2.50,,
Product Personalization - LifeSymbols Corners,Spiritual/Religious,189543,32.00,"LifeSymbols Crucifix, Corner - Single Piece",,,,,,,4.00,2.00,,
Product Personalization - LifeSymbols Corners,Spiritual/Religious,189541,32.00,"LifeSymbols Wheat, Corner - Single Piece",,,,,,,3.50,5.00,,
Product Personalization - LifeSymbols Corners,Spiritual/Religious,270120,32.00,"LifeSymbols Buddha Corner",,,,,,,4.50,6.00,,
Product Personalization - LifeSymbols Corners,Spiritual/Religious,189545,32.00,"LifeSymbols Angel, Corner - Single Piece",,,,,,,4.25,2.00,,
Product Personalization - LifeSymbols Corners,Spiritual/Religious,189546,32.00,"LifeSymbols Cross, Corner - Single Piece",,,,,,,4.00,1.25,,
Product Personalization - LifeSymbols Corners,Spiritual/Religious,196055,32.00,"LifeSymbols Celtic Cross, Corner - Single Piece",,,,,,,3.00,1.00,,
Product Personalization - LifeSymbols Corners,Spiritual/Religious,189550,32.00,"LifeSymbols Angel of Color, Corner - Single Piece",,,,,,,4.25,2.50,,
Product Personalization - LifeSymbols Corners,Spiritual/Religious,270121,32.00,"LifeSymbols Dragon Corner",,,,,,,4.50,6.00,,
Product Personalization - LifeSymbols Corners,Spiritual/Religious,189551,32.00,"LifeSymbols Our Lady of Guadalupe, Corner - Single Piece",,,,,,,3.25,2.00,,
Product Personalization - MemoryFrame Designs,Affiliations/Professions,286006,130.00,"LifeStories MemoryFrame Patriotic Design",,,,,,,,,,
Product Personalization - MemoryFrame Designs,Life's Interests/Hobbies,286003,130.00,"LifeStories MemoryFrame Ocean Design",,,,,,,,,,
Product Personalization - MemoryFrame Designs,Life's Interests/Hobbies,286002,130.00,"LifeStories MemoryFrame Floral Design",,,,,,,,,,
Product Personalization - MemoryFrame Designs,Life's Interests/Hobbies,286004,130.00,"LifeStories MemoryFrame Outdoors Sunrise Field Design",,,,,,,,,,
Product Personalization - MemoryFrame Designs,Life's Interests/Hobbies,286005,130.00,"LifeStories MemoryFrame Outdoors Mountain Sunset Design",,,,,,,,,,
Product Personalization - MemoryFrame Designs,Life's Interests/Hobbies,286009,130.00,"LifeStories MemoryFrame Black Design",,,,,,,,,,
Product Personalization - MemoryFrame Designs,Spiritual/Religious,286008,130.00,"LifeStories MemoryFrame Religious Clouds Design",,,,,,,,,,
Product Personalization - MemoryFrame Designs,Spiritual/Religious,286007,130.00,"LifeStories MemoryFrame Religious Cross Design",,,,,,,,,,
Product Personalization - Commemorative Panels,Velvet,147034,142.00,"Hummingbird, Commemorative Panel Champagne Velvet",,,,,,,14.25,31.25,,
Product Personalization - Commemorative Panels,Velvet,146950,142.00,"Mother with Roses, Commemorative Panel Eggshell Velvet",,,,,,,14.25,31.25,,
Product Personalization - Commemorative Panels,Velvet,146924,142.00,"In God's Care, Commemorative Panel Champagne Velvet",,,,,,,14.25,31.25,,
Product Personalization - Commemorative Panels,Velvet,146908,142.00,"Praying Hands, Commemorative Panel Champagne Velvet",,,,,,,14.25,31.25,,
Product Personalization - Commemorative Panels,Velvet,146959,142.00,"Mother/Grandmother with Roses, Comm. Panel Moss Pink Velvet",,,,,,,14.25,31.25,,
Product Personalization - Commemorative Panels,Velvet,147043,142.00,"Soaring Eagles, Commemorative Panel Eggshell Velvet",,,,,,,14.25,31.25,,
Urns & Keepsakes - Full Size Urns,Stainless Steel,287442,178.06,"Oakridge Silver Urn",,,,,,,7.25,7.25,,4
Urns & Keepsakes - Full Size Urns,Stainless Steel,287435,178.06,"Roselyn Champagne Bronze Urn",,,,,,,6.38,6.38,,4
Urns & Keepsakes - Full Size Urns,Stainless Steel,287440,178.06,"Florance Silver Urn",,,,,,,7.19,7.19,,4
Urns & Keepsakes - Full Size Urns,Stainless Steel,285877,174.00,"Alcove - Neopolitan Blue",1,,,,,,7.00,5.25,,7
Urns & Keepsakes - Full Size Urns,Stainless Steel,285878,174.00,"Alcove - Orchid",1,,,,,,7.00,5.25,,7
Urns & Keepsakes - Full Size Urns,Stainless Steel,287509,174.00,"Alcove Golden Pearl",1,,,,,,7.00,5.25,,7
Urns & Keepsakes - Full Size Urns,Stainless Steel,285879,174.00,"Alcove - Pewter",1,,,,,,7.00,5.25,,7
Urns & Keepsakes - Full Size Urns,Stainless Steel,287508,174.00,"Alcove Golden Onyx",1,,,,,,7.00,5.25,,7
Urns & Keepsakes - Full Size Urns,Wood,100126,613.64,"Jefferson",,,,,,,8.50,8.50,,4
Urns & Keepsakes - Full Size Urns,Wood,100095,589.86,"Fredericksburg Dual Capacity",,,,,,,10.38,10.38,,7
Urns & Keepsakes - Full Size Urns,Wood,100107,489.52,"Fredericksburg",,,,,,,8.75,8.75,,5
Urns & Keepsakes - Full Size Urns,Wood,220317,340.46,"Mason Cherry Urn",1,,,,,,11.75,9.75,,9
Urns & Keepsakes - Full Size Urns,Wood,208692,272.02,"Bradbury Pecan Urn",1,,,,,,11.44,10.63,,10
Urns & Keepsakes - Full Size Urns,Wood,216023,244.18,"Traditional Urn",,,,,,,10.00,7.75,,5
Urns & Keepsakes - Full Size Urns,Wood,185841,213.44,"Franklin Cherry",,,,,,,12.00,7.75,,5
Urns & Keepsakes - Full Size Urns,Wood,272094,180.96,"Solaris Urn - New Design",,,,,,,6.63,6.75,,5
Urns & Keepsakes - Full Size Urns,Wood,287773,174.00,"Alcove Cherry",1,,,,,,7.25,7.25,,2
Urns & Keepsakes - Full Size Urns,Wood,287769,174.00,"Alcove Maple",1,,,,,,7.25,7.25,,2
Urns & Keepsakes - Full Size Urns,Wood,287771,174.00,"Alcove Walnut",1,,,,,,7.25,7.25,,2
Urns & Keepsakes - Full Size Urns,Wood,287456,171.10,"Devotion Brown Urn",,,,,,,6.50,9.38,,4
Urns & Keepsakes - Full Size Urns,Wood,100099,168.78,"Monterey Maple",,,,,,,8.25,3.81,,3
Urns & Keepsakes - Full Size Urns,Wood,282006,163.56,"Burlwood Natural Cube Urn",,,,,,,7.50,7.50,,4
Urns & Keepsakes - Full Size Urns,Wood,287454,160.08,"Edgewater Urn",,,,,,,6.50,10.50,,4
Urns & Keepsakes - Full Size Urns,Wood,287453,160.08,"Seabrook Urn",,,,,,,7.00,11.38,,5
Urns & Keepsakes - Full Size Urns,Wood,287455,160.08,"Kingsley Urn",,,,,,,6.19,10.19,,4
Urns & Keepsakes - Full Size Urns,Wood,270136,153.12,"Walnut Flag Case Base",1,,,,,,6.00,27.88,,5
Urns & Keepsakes - Full Size Urns,Wood,270135,153.12,"Cherry Flag Case Base",1,,,,,,6.00,27.88,,5
Urns & Keepsakes - Full Size Urns,Wood,255703,133.00,"Kiona Hardwood Urn",,,,,,,9.00,6.50,,3
Urns & Keepsakes - Full Size Urns,Wood,255701,133.00,"Mocha Hardwood Urn",,,,,,,9.00,6.50,,3
Urns & Keepsakes - Full Size Urns,Wood,285966,132.24,"Waverly Dark Brown Urn",,,,,,,6.50,10.50,,9
Urns & Keepsakes - Full Size Urns,Wood,285965,132.24,"Waverly Light Brown Urn",,,,,,,6.50,10.50,,9
Urns & Keepsakes - Full Size Urns,Wood,285967,108.46,"Denton Rustic Urn",,,,,,,9.75,7.25,,2
Urns & Keepsakes - Full Size Urns,Wood,255815,105.56,"Honey Brown",,,,,,,9.25,6.88,,4
Urns & Keepsakes - Full Size Urns,Wood,282919,81.78,"Eco Scattering Urn",,,,,,,6.25,6.25,,1
Urns & Keepsakes - Full Size Urns,Wood,282005,81.20,"MDF Natural Box Urn",,,,,,,6.40,9.10,,3
Urns & Keepsakes - Full Size Urns,Wood,144682,71.92,"Basic Urn",,,,,,,7.75,7.75,,5
Urns & Keepsakes - Full Size Urns,Wood,100098,66.70,"Slate Gray",,,,,,,8.25,3.75,,3
Urns & Keepsakes - Full Size Urns,NewPointe,287463,174.00,"Affinity Champagne Mist Urn",,,,,,,7.38,7.38,,5
Urns & Keepsakes - Full Size Urns,NewPointe,287460,174.00,"Affinity Pewter Urn",,,,,,,7.38,7.38,,5
Urns & Keepsakes - Full Size Urns,NewPointe,283596,142.00,"Breda Blue Urn",,,,,,,7.09,7.09,,6
Urns & Keepsakes - Full Size Urns,NewPointe,283595,142.00,"Breda Sand Urn",,,,,,,7.09,7.09,,6
Urns & Keepsakes - Full Size Urns,NewPointe,283597,142.00,"Breda Grey Urn",,,,,,,7.09,7.09,,6
Urns & Keepsakes - Full Size Urns,NewPointe,148340,140.00,"Minimum Oak",,,,,,,10.25,7.75,,6
Urns & Keepsakes - Full Size Urns,NewPointe,285909,134.00,"Starlight Patriot Urn",,,,,,,6.50,6.50,,5
Urns & Keepsakes - Full Size Urns,NewPointe,282828,134.00,"Starlight Pearl Urn",,,,,,,6.50,6.50,,5
Urns & Keepsakes - Full Size Urns,NewPointe,285906,134.00,"Starlight Ebony Urn",,,,,,,6.50,6.50,,5
Urns & Keepsakes - Full Size Urns,NewPointe,287476,129.00,"Columba Blue Urn",,,,,,,6.50,6.50,,3
Urns & Keepsakes - Full Size Urns,NewPointe,287474,129.00,"Altair Gold Urn",,,,,,,5.75,5.75,,3
Urns & Keepsakes - Full Size Urns,NewPointe,287478,129.00,"Columba Pink Urn",,,,,,,6.50,6.50,,3
Urns & Keepsakes - Full Size Urns,NewPointe,287501,129.00,"Terra Brown Urn",,,,,,,7.19,11.50,,5
Urns & Keepsakes - Full Size Urns,NewPointe,238325,122.00,"Stone-Tone Catalina Synthetic Marble Urn",,,,,,,9.69,6.75,,13
Urns & Keepsakes - Full Size Urns,NewPointe,282818,120.00,"Nebula Royal Plum Urn",,,,,,,7.00,7.00,,5
Urns & Keepsakes - Full Size Urns,NewPointe,285903,120.00,"Atlas Sagebrush",,,,,,,7.00,7.00,,4
Urns & Keepsakes - Full Size Urns,NewPointe,282809,120.00,"Atlas Onyx Urn",,,,,,,7.00,7.00,,4
Urns & Keepsakes - Full Size Urns,NewPointe,282812,120.00,"Atlas Ivory Urn",,,,,,,7.00,7.00,,4
Urns & Keepsakes - Full Size Urns,NewPointe,285897,120.00,"Nebula Silver Claret",,,,,,,7.00,7.00,,5
Urns & Keepsakes - Full Size Urns,NewPointe,285900,120.00,"Nebula Indigo Blue",,,,,,,7.00,7.00,,5
Urns & Keepsakes - Full Size Urns,NewPointe,287499,109.00,"Libra Light Brown Urn",,,,,,,6.50,9.00,,3
Urns & Keepsakes - Full Size Urns,NewPointe,287495,109.00,"Libra Harvest Red Urn",,,,,,,6.50,9.00,,3
Urns & Keepsakes - Full Size Urns,NewPointe,287497,109.00,"Libra Harvest Brown Urn",,,,,,,6.50,9.00,,3
Urns & Keepsakes - Full Size Urns,NewPointe,216025,103.00,"Hartley Urn",,,,,,,10.38,7.38,,4
Urns & Keepsakes - Full Size Urns,NewPointe,216024,103.00,"Stratton Urn",,,,,,,10.25,7.25,,4
Urns & Keepsakes - Full Size Urns,NewPointe,282826,93.00,"Tempest Silver Urn",,,,,,,6.00,6.00,,3
Urns & Keepsakes - Full Size Urns,NewPointe,282864,93.00,"Ellipse Blue Urn",,,,,,,6.00,6.00,,3
Urns & Keepsakes - Full Size Urns,NewPointe,282815,93.00,"Comet Meteor Gray Urn",,,,,,,6.00,6.00,,3
Urns & Keepsakes - Full Size Urns,NewPointe,282824,93.00,"Tempest Copper Urn",,,,,,,6.00,6.00,,3
Urns & Keepsakes - Full Size Urns,NewPointe,282822,93.00,"Comet Soft Pink Urn",,,,,,,6.00,6.00,,3
Urns & Keepsakes - Full Size Urns,NewPointe,284132,88.00,"Taurus Natural MDF",,,,,,,7.75,7.75,,3
Urns & Keepsakes - Full Size Urns,NewPointe,284131,88.00,"Taurus Walnut MDF",,,,,,,7.75,7.75,,3
Urns & Keepsakes - Full Size Urns,NewPointe,282982,47.00,"Botanical Reflections Scattering Tube",,,,,,,5.10,5.10,,1
Urns & Keepsakes - Full Size Urns,NewPointe,282981,47.00,"Vista Reflections Scattering Tube",,,,,,,5.10,5.10,,1
Urns & Keepsakes - Full Size Urns,NewPointe,282958,47.00,"Patriot Scattering Tube",,,,,,,5.10,5.10,,1
Urns & Keepsakes - Full Size Urns,NewPointe,282959,47.00,"Mountain View Scattering Tube",,,,,,,5.10,5.10,,1
Urns & Keepsakes - Full Size Urns,NewPointe,282957,47.00,"Ocean Sunset Scattering Tube",,,,,,,5.10,5.10,,1
Urns & Keepsakes - Full Size Urns,Biodegradable,252357,213.44,"Ocean Reflections Biodegradable Urn",,,,,,,21.25,21.25,,2
Urns & Keepsakes - Full Size Urns,Biodegradable,282715,193.80,"Natural Journey Earthurn®",,,,,,,12.50,14.00,,0
Urns & Keepsakes - Full Size Urns,Biodegradable,282717,193.80,"Dogwood Lilac Journey Earthurn®",,,,,,,12.50,14.00,,0
Urns & Keepsakes - Full Size Urns,Biodegradable,282716,193.80,"Seafoam Wave Journey Earthurn®",,,,,,,12.50,14.00,,0
Urns & Keepsakes - Full Size Urns,Biodegradable,282922,121.22,"Eco Water Scattering Urn",,,,,,,7.50,7.50,,2
Urns & Keepsakes - Full Size Urns,Biodegradable,252359,111.94,"Butterfly Reflections Biodegradable Urn",,,,,,,9.00,6.00,,1
Urns & Keepsakes - Full Size Urns,Biodegradable,224648,111.94,"Natural Reflections Biodegradable Urn",,,,,,,9.00,6.00,,1
Urns & Keepsakes - Full Size Urns,Biodegradable,224651,111.94,"Seaward Reflections Biodegradable Urn",,,,,,,9.00,6.00,,1
Urns & Keepsakes - Full Size Urns,Sheet Bronze,148358,364.24,"Unity",,,,,,,9.75,6.13,,11
Urns & Keepsakes - Full Size Urns,Sheet Bronze,148368,276.08,"Brushed Sheet Bronze Niche Urn",,,,,,,9.00,6.00,,6
Urns & Keepsakes - Full Size Urns,Sheet Bronze,148367,276.08,"Brushed Sheet Bronze Niche Urn",,,,,,,7.00,5.50,,6
Urns & Keepsakes - Full Size Urns,Sheet Bronze,148369,276.08,"Brushed Sheet Bronze Niche Urn",,,,,,,5.00,9.00,,6
Urns & Keepsakes - Full Size Urns,Sheet Bronze,235556,267.96,"Pewter Bronze Vertical Urn",1,,,,,,4.56,5.94,,7
Urns & Keepsakes - Full Size Urns,Sheet Bronze,235557,267.96,"Pewter Bronze Horizontal Urn",1,,,,,,8.94,4.56,,7
Urns & Keepsakes - Full Size Urns,Sheet Bronze,235602,267.96,"Sand Bronze Horizontal Urn",1,,,,,,8.94,4.56,,7
Urns & Keepsakes - Full Size Urns,Sheet Bronze,235555,267.96,"Brushed Bronze Horizontal Urn",1,,,,,,8.94,4.56,,7
Urns & Keepsakes - Full Size Urns,Sheet Bronze,235601,267.96,"Sand Bronze Vertical Urn",1,,,,,,4.56,5.94,,7
Urns & Keepsakes - Full Size Urns,Sheet Bronze,235554,267.96,"Brushed Bronze Vertical Urn",1,,,,,,4.56,5.94,,7
Urns & Keepsakes - Full Size Urns,Sheet Bronze,239052,255.78,"Vertical Sheet Bronze Urn No Lifesymbols Corner or Medallion",,,,,,,4.46,5.94,,7
Urns & Keepsakes - Full Size Urns,Sheet Bronze,148341,247.66,"Sheet Bronze Chest",,,,,,,8.94,5.94,,7
Urns & Keepsakes - Full Size Urns,Sheet Bronze,148352,243.02,"Bronze Cube",,,,,,,5.94,5.94,,7
Urns & Keepsakes - Full Size Urns,Statuary Art,100199,893.20,"Aristocrat",,,,,,,7.75,7.75,,18
Urns & Keepsakes - Full Size Urns,Statuary Art,100059,525.48,"Milan",,,,,,,6.13,6.13,,10
Urns & Keepsakes - Full Size Urns,Memento Chests,205538,589.86,"Marsellus President Memento® with Sheet Bronze Chest",,,,,,,13.38,8.44,,10
Urns & Keepsakes - Full Size Urns,Memento Chests,148351,229.10,"Walnut Memento® Chest",,,,,,,10.38,8.13,,5
Urns & Keepsakes - Full Size Urns,Memento Chests,282374,208.80,"Burlwood Memento® Chest",,,,,,,8.06,10.00,,5
Urns & Keepsakes - Full Size Urns,Memento Chests,285981,198.36,"Forever Honored Memento® Chest",1,,,,,,8.88,10.25,,7
Urns & Keepsakes - Full Size Urns,Memento Chests,285980,177.48,"Riley Memento® Chest",1,,,,,,8.88,10.25,,7
Urns & Keepsakes - Full Size Urns,Memento Chests,285979,177.48,"Bailey Memento® Chest",1,,,,,,8.88,10.25,,7
Urns & Keepsakes - Full Size Urns,Ceramic,284192,331.55,"Celestial Nightfall",,,,,,,6.00,6.00,,3
Urns & Keepsakes - Full Size Urns,Ceramic,284188,331.55,"Celestial Moonlit",,,,,,,6.00,6.00,,3
Urns & Keepsakes - Full Size Urns,Ceramic,284194,258.10,"Longworth Arcadia",,,,,,,9.00,5.50,,4
Urns & Keepsakes - Full Size Urns,Ceramic,284198,258.10,"Longworth Angel Falls",,,,,,,9.00,5.50,,4
Urns & Keepsakes - Full Size Urns,Ceramic,284190,202.42,"Celestial Eventide",,,,,,,6.00,6.00,,3
Urns & Keepsakes - Full Size Urns,Ceramic,287510,202.42,"Celestial Daybreak",,,,,,,6.00,6.00,,3
Urns & Keepsakes - Full Size Urns,Ceramic,287514,156.60,"Adams Willow",,,,,,,9.50,9.50,,4
Urns & Keepsakes - Full Size Urns,Ceramic,287512,156.60,"Adams Linen",,,,,,,9.50,9.50,,4
Urns & Keepsakes - Full Size Urns,Cloisonne Classic,270107,297.35,"Midnight Swirl Cloisonne",,,,,,,6.13,6.13,,2
Urns & Keepsakes - Full Size Urns,Cloisonne Classic,270113,297.35,"Red Rosette Cloisonne",,,,,,,6.13,6.13,,2
Urns & Keepsakes - Full Size Urns,Cloisonne Classic,287493,294.64,"Crimson Harvest Cloisonne Urn",,,,,,,7.25,7.25,,4
Urns & Keepsakes - Full Size Urns,Cloisonne Classic,287491,294.64,"Night Sky Cloisonne Urn",,,,,,,7.25,7.25,,4
Urns & Keepsakes - Full Size Urns,Cloisonne Classic,272051,181.54,"Ivory Pearl Cloisonne",,,,,,,8.38,8.38,,2
Urns & Keepsakes - Full Size Urns,Cloisonne Classic,270109,181.54,"Blue Butterfly Cloisonne",,,,,,,8.38,8.38,,2
Urns & Keepsakes - Full Size Urns,Cloisonne Classic,270115,181.54,"Melrose Pink Cloisonne",,,,,,,8.00,8.00,,2
Urns & Keepsakes - Full Size Urns,Metal,284114,236.55,"Smithton Burgundy",,,,,,,8.50,8.50,,4
Urns & Keepsakes - Full Size Urns,Metal,284115,236.55,"Smithton Pewter",,,,,,,8.50,8.50,,4
Urns & Keepsakes - Full Size Urns,Metal,284116,236.55,"Smithton Bronze",,,,,,,8.50,8.50,,4
Urns & Keepsakes - Full Size Urns,Metal,285959,195.46,"Aberdeen Dark Bronze Urn",,,,,,,6.50,8.90,,11
Urns & Keepsakes - Full Size Urns,Metal,285957,195.46,"Westfield Antique Copper Urn",,,,,,,6.50,8.90,,11
Urns & Keepsakes - Full Size Urns,Metal,285961,177.48,"Glencoe Bronze Urn",,,,,,,7.20,7.20,,11
Urns & Keepsakes - Full Size Urns,Metal,285963,177.48,"Hawthorne Pewter Urn",,,,,,,7.50,7.50,,7
Urns & Keepsakes - Full Size Urns,Metal,285971,156.60,"Cresthaven Pink Urn",1,,,,,,6.50,6.50,,4
Urns & Keepsakes - Full Size Urns,Metal,285975,156.60,"Cresthaven Ivory Urn",1,,,,,,6.50,6.50,,4
Urns & Keepsakes - Full Size Urns,Metal,285977,156.60,"Cresthaven Lavender Urn",1,,,,,,6.50,6.50,,4
Urns & Keepsakes - Full Size Urns,Metal,285973,156.60,"Cresthaven Black Urn",1,,,,,,6.50,6.50,,4
Urns & Keepsakes - Full Size Urns,Metal,285969,156.60,"Cresthaven Blue Urn",1,,,,,,6.50,6.50,,4
Urns & Keepsakes - Full Size Urns,Metal,282866,153.12,"Cooper Burnished Gold Urn",,,,,,,7.00,7.00,,3
Urns & Keepsakes - Full Size Urns,Metal,282868,153.12,"Cooper Charcoal Urn",,,,,,,7.00,7.00,,3
Urns & Keepsakes - Full Size Urns,Metal,205396,150.80,"Ashen Pewter Urn",,,,,,,6.88,6.88,,5
Urns & Keepsakes - Full Size Urns,Metal,235705,150.80,"Blue Delphia Urn",,,,,,,6.69,6.69,,5
Urns & Keepsakes - Full Size Urns,Metal,235709,150.80,"Crimson Delphia Urn",,,,,,,6.69,6.69,,5
Urns & Keepsakes - Full Size Urns,Metal,205404,150.80,"Chestnut Bronze Urn",,,,,,,6.88,6.88,,6
Urns & Keepsakes - Full Size Urns,Metal,235716,150.80,"Delphia Wings Urn",,,,,,,6.69,6.69,,5
Urns & Keepsakes - Full Size Urns,Metal,284117,128.18,"Aluminum Cylinder-Gold",,,,,,,6.63,6.63,,
Urns & Keepsakes - Full Size Urns,Metal,255707,100.34,"Silver Steel Chest",,,,,,,8.81,5.81,,3
Urns & Keepsakes - Full Size Urns,Metal,215378,100.34,"Sable Steel Chest",,,,,,,8.81,5.81,,3
Urns & Keepsakes - Full Size Urns,Metal,148331,100.34,"Painted Steel Chest",,,,,,,8.81,5.81,,3
Urns & Keepsakes - Full Size Urns,Marble,285782,373.35,"Stonecrest Verde Full Size",,,,,,,8.44,8.44,,12
Urns & Keepsakes - Full Size Urns,Marble,285779,373.35,"Stonecrest Golden Ebony Full Size",,,,,,,8.44,8.44,,12
Urns & Keepsakes - Full Size Urns,Marble,238324,254.04,"Companion Charcoal Black Synthetic Marble Urn",,,,,,,15.00,8.00,,25
Urns & Keepsakes - Full Size Urns,Marble,238323,254.04,"Companion Meadow Green Synthetic Marble Urn",,,,,,,15.00,8.00,,25
Urns & Keepsakes - Full Size Urns,Marble,282596,254.04,"Companion Khaki Synthetic Marble Urn",,,,,,,15.00,8.00,,25
Urns & Keepsakes - Full Size Urns,Marble,282594,254.04,"Companion Navy Synthetic Marble Urn",,,,,,,15.00,8.00,,25
Urns & Keepsakes - Full Size Urns,Marble,282595,254.04,"Companion Alpine WhiteSynthetic Marble Urn",,,,,,,15.00,8.00,,25
Urns & Keepsakes - Full Size Urns,Marble,285776,227.94,"Stonecrest Carrera Full Size",,,,,,,8.44,8.44,,12
Urns & Keepsakes - Full Size Urns,Marble,285780,227.05,"Stonecrest Golden Ebony Vase Keepsake",,,,,,,4.25,4.25,,7
Urns & Keepsakes - Full Size Urns,Marble,285783,227.05,"Stonecrest Verde Vase Keepsake",,,,,,,4.25,4.25,,7
Urns & Keepsakes - Full Size Urns,Marble,100132,212.28,"Cashmere Gray",,,,,,,8.50,8.50,,13
Urns & Keepsakes - Full Size Urns,Marble,285014,212.28,"Verona Beige Full Size Urn",,,,,,,8.50,8.50,,13
Urns & Keepsakes - Full Size Urns,Marble,100131,212.28,"Antique White",,,,,,,8.50,8.50,,13
Urns & Keepsakes - Full Size Urns,Marble,285016,212.28,"Nero Marquina Full Size Urn",,,,,,,8.50,8.50,,13
Urns & Keepsakes - Full Size Urns,Marble,285781,196.65,"Stonecrest Golden Ebony Candle Kpsk",,,,,,,5.00,5.00,,6
Urns & Keepsakes - Full Size Urns,Marble,285784,196.65,"Stonecrest Verde Candle Kpsk",,,,,,,5.00,5.00,,6
Urns & Keepsakes - Full Size Urns,Marble,184607,175.74,"Alpine White Synthetic Marble Urn",,,,,,,9.69,6.75,,11
Urns & Keepsakes - Full Size Urns,Marble,258672,175.74,"Charcoal Niche Marble Urn",,,,,,,5.00,9.50,,12
Urns & Keepsakes - Full Size Urns,Marble,238322,175.74,"Rose Synthetic Marble Urn",,,,,,,9.69,6.75,,13
Urns & Keepsakes - Full Size Urns,Marble,282600,175.74,"Violet Synthetic Marble Urn",,,,,,,9.69,6.75,,13
Urns & Keepsakes - Full Size Urns,Marble,282597,175.74,"Orchid Synthetic Marble Urn",,,,,,,9.69,6.75,,13
Urns & Keepsakes - Full Size Urns,Marble,258671,175.74,"Alpine White Niche Marble Urn",,,,,,,5.00,9.50,,12
Urns & Keepsakes - Full Size Urns,Marble,184608,175.74,"Riverstone Gray Synthetic Marble Urn",,,,,,,9.69,6.75,,12
Urns & Keepsakes - Full Size Urns,Marble,258669,175.74,"Meadow Green Niche Marble Urn",,,,,,,5.00,9.50,,12
Urns & Keepsakes - Full Size Urns,Marble,282598,175.74,"Ocean Blue Synthetic Marble Urn",,,,,,,9.69,6.75,,13
Urns & Keepsakes - Full Size Urns,Marble,238320,175.74,"Navy Synthetic Marble Urn",,,,,,,9.69,6.75,,13
Urns & Keepsakes - Full Size Urns,Marble,238321,175.74,"Charcoal Black Synthetic Marble Urn",,,,,,,9.69,6.75,,12
Urns & Keepsakes - Full Size Urns,Marble,282599,175.74,"Khaki Synthetic Marble Urn",,,,,,,9.69,6.75,,13
Urns & Keepsakes - Full Size Urns,Marble,184606,175.74,"Meadow Green Synthetic Marble Urn",,,,,,,9.69,6.75,,13
Urns & Keepsakes - Full Size Urns,Marble,285017,140.94,"Nero Marquina Niche Urn",,,,,,,5.00,9.25,,15
Urns & Keepsakes - Full Size Urns,Marble,285197,140.94,"Antique White Niche Urn",,,,,,,5.00,9.25,,15
Urns & Keepsakes - Full Size Urns,Marble,285199,140.94,"Verona Beige Niche Urn",,,,,,,5.00,9.25,,15
Urns & Keepsakes - Full Size Urns,Marble,285198,140.94,"Cashmere Gray Niche Urn",,,,,,,5.00,9.25,,15
Urns & Keepsakes - Full Size Urns,Marble,285777,138.62,"Stonecrest Carrera Vase Keepsake",,,,,,,4.25,4.25,,7
Urns & Keepsakes - Full Size Urns,Marble,285778,120.06,"Stonecrest Carrera Candle Kpsk",,,,,,,5.00,5.00,,6
Urns & Keepsakes - Full Size Urns,Other,281664,74.82,"Leather Cylinder Urn",,,,,,,6.63,6.63,,1
Urns & Keepsakes - Full Size Urns,Other,281665,66.70,"Mailer Urn",,,,,,,5.13,6.00,,1
Urns & Keepsakes - Urn Vaults,Urn Vaults,264677,252.30,"Charleston Urn Vault",1,,,,,,20.25,20.25,,17
Urns & Keepsakes - Urn Vaults,Urn Vaults,205557,225.62,"Pebblecove Urn Vault",,,,,,,19.88,16.13,,38
Urns & Keepsakes - Urn Vaults,Urn Vaults,282646,129.00,"NewPointe Eclipse Urn Vault",,,,,,,16.50,12.00,,3
Urns & Keepsakes - Remembrance Keepsakes,Wood,100117,224.46,"Fredericksburg Keepsake",,,,,,,4.63,4.63,,2
Urns & Keepsakes - Remembrance Keepsakes,Wood,100115,204.74,"Jefferson Keepsake",,,,,,,4.25,4.25,,1
Urns & Keepsakes - Remembrance Keepsakes,Wood,195163,129.34,"Fredericksburg Miniature Keepsake",,,,,,,1.81,1.81,,0
Urns & Keepsakes - Remembrance Keepsakes,Wood,195161,125.86,"Jefferson Miniature Keepsake",,,,,,,1.75,1.75,,0
Urns & Keepsakes - Remembrance Keepsakes,Wood,272095,102.08,"Solaris Keepsake - New Design",,,,,,,3.75,3.75,,2
Urns & Keepsakes - Remembrance Keepsakes,Wood,255704,101.65,"Kiona Hardwood Keepsake",,,,,,,4.00,6.00,,1
Urns & Keepsakes - Remembrance Keepsakes,Wood,255702,101.65,"Mocha Hardwood Keepsake",,,,,,,4.00,6.00,,1
Urns & Keepsakes - Remembrance Keepsakes,Wood,287770,88.16,"Alcove Maple Keepsake",,,,,,,5.50,5.50,,1
Urns & Keepsakes - Remembrance Keepsakes,Wood,287774,88.16,"Alcove Cherry Keepsake",,,,,,,5.50,5.50,,1
Urns & Keepsakes - Remembrance Keepsakes,Wood,287772,88.16,"Alcove Walnut Keepsake",,,,,,,5.50,5.50,,1
Urns & Keepsakes - Remembrance Keepsakes,Wood,282920,72.50,"Eco Scattering Keepsake",,,,,,,3.25,3.25,,0
Urns & Keepsakes - Remembrance Keepsakes,Wood,287457,67.28,"Devotion Brown Keepsake",,,,,,,4.00,6.00,,1
Urns & Keepsakes - Remembrance Keepsakes,Wood,282921,62.64,"Eco Scattering Miniature",,,,,,,2.56,2.56,,0
Urns & Keepsakes - Remembrance Keepsakes,NewPointe,285910,78.00,"Starlight Patriot Keepsake",,,,,,,4.50,4.50,,2
Urns & Keepsakes - Remembrance Keepsakes,NewPointe,285907,78.00,"Starlight Ebony Keepsake",,,,,,,4.50,4.50,,2
Urns & Keepsakes - Remembrance Keepsakes,NewPointe,282829,78.00,"Starlight Pearl Keepsake",,,,,,,4.50,4.50,,2
Urns & Keepsakes - Remembrance Keepsakes,NewPointe,282813,62.00,"Atlas Ivory Keepsake",,,,,,,4.00,4.00,,2
Urns & Keepsakes - Remembrance Keepsakes,NewPointe,285898,62.00,"Nebula Silver Claret Keepsake",,,,,,,4.00,4.00,,2
Urns & Keepsakes - Remembrance Keepsakes,NewPointe,282819,62.00,"Nebula Royal Plum Keepsake",,,,,,,4.00,4.00,,2
Urns & Keepsakes - Remembrance Keepsakes,NewPointe,285901,62.00,"Nebula Indigo Blue Keepsake",,,,,,,4.00,4.00,,2
Urns & Keepsakes - Remembrance Keepsakes,NewPointe,285904,62.00,"Atlas Sagebrush Keepsake",,,,,,,4.00,4.00,,2
Urns & Keepsakes - Remembrance Keepsakes,NewPointe,282810,62.00,"Atlas Onyx Keepsake",,,,,,,4.00,4.00,,2
Urns & Keepsakes - Remembrance Keepsakes,NewPointe,287479,49.00,"Columba Pink Miniature",,,,,,,2.00,2.00,,0
Urns & Keepsakes - Remembrance Keepsakes,NewPointe,287467,49.00,"Altair Silver Miniature",,,,,,,1.71,1.71,,0
Urns & Keepsakes - Remembrance Keepsakes,NewPointe,287477,49.00,"Columba Blue Miniature",,,,,,,2.00,2.00,,0
Urns & Keepsakes - Remembrance Keepsakes,NewPointe,287475,49.00,"Altair Gold Miniature",,,,,,,1.71,1.71,,0
Urns & Keepsakes - Remembrance Keepsakes,NewPointe,285911,37.00,"Starlight Patriot Miniature",,,,,,,2.00,2.00,,0
Urns & Keepsakes - Remembrance Keepsakes,NewPointe,282830,37.00,"Starlight Pearl Miniature Keepsake",,,,,,,2.00,2.00,,0
Urns & Keepsakes - Remembrance Keepsakes,NewPointe,285908,37.00,"Starlight Ebony Miniature",,,,,,,2.00,2.00,,0
Urns & Keepsakes - Remembrance Keepsakes,NewPointe,282820,31.00,"Nebula Royal Plum Miniature Keepsake",,,,,,,2.00,2.00,,0
Urns & Keepsakes - Remembrance Keepsakes,NewPointe,282811,31.00,"Atlas Onyx Miniature Keepsake",,,,,,,2.00,2.00,,0
Urns & Keepsakes - Remembrance Keepsakes,NewPointe,285905,31.00,"Atlas Sagebrush Miniature",,,,,,,2.00,2.00,,0
Urns & Keepsakes - Remembrance Keepsakes,NewPointe,282814,31.00,"Atlas Ivory Miniature Keepsake",,,,,,,2.00,2.00,,0
Urns & Keepsakes - Remembrance Keepsakes,NewPointe,285899,31.00,"Nebula Silver Claret Miniature",,,,,,,2.00,2.00,,0
Urns & Keepsakes - Remembrance Keepsakes,NewPointe,285902,31.00,"Nebula Indigo Blue Miniature",,,,,,,2.00,2.00,,0
Urns & Keepsakes - Remembrance Keepsakes,NewPointe,282865,26.00,"Ellipse Blue Miniature Keepsake",,,,,,,2.00,2.00,,0
Urns & Keepsakes - Remembrance Keepsakes,NewPointe,282817,26.00,"Comet Meteor Gray Miniature Keepsake",,,,,,,2.00,2.00,,0
Urns & Keepsakes - Remembrance Keepsakes,NewPointe,282823,26.00,"Comet Soft Pink Miniature Keepsake",,,,,,,2.00,2.00,,0
Urns & Keepsakes - Remembrance Keepsakes,NewPointe,282827,26.00,"Tempest Silver Miniature Keepsake",,,,,,,2.00,2.00,,0
Urns & Keepsakes - Remembrance Keepsakes,NewPointe,282825,26.00,"Tempest Copper Miniature Keepsake",,,,,,,2.00,2.00,,0
Urns & Keepsakes - Remembrance Keepsakes,Biodegradable,240069,183.28,"Leaf Token Biodegradable Pack of 6 Tokens",,,,,,,4.13,4.13,,0
Urns & Keepsakes - Remembrance Keepsakes,Biodegradable,252361,183.28,"Shell Token Biodegradable Pack of 6 Tokens",,,,,,,4.13,4.13,,0
Urns & Keepsakes - Remembrance Keepsakes,Biodegradable,252362,183.28,"Butterfly Token Biodegradable Pack of 6 Tokens",,,,,,,4.13,2.88,,0
Urns & Keepsakes - Remembrance Keepsakes,LifeStories Keepsake Medallion,275358,39.00,"Imaged Medallion Keepsake Acrylic Dome",,,,,,,,,,
Urns & Keepsakes - Remembrance Keepsakes,LifeStories Keepsake Medallion,259564,32.00,"Lifestories Father/Grandfather, 1.75 in. Keepsake Medallion",,,,,,,1.75,1.75,,
Urns & Keepsakes - Remembrance Keepsakes,LifeStories Keepsake Medallion,273837,32.00,"LifeStories Truck Driver, 1.75 in. Keepsake Medallion",,,,,,,1.75,1.75,,
Urns & Keepsakes - Remembrance Keepsakes,LifeStories Keepsake Medallion,273831,32.00,"LifeStories Mom, 1.75 in. Keepsake Medallion",,,,,,,1.75,1.75,,
Urns & Keepsakes - Remembrance Keepsakes,LifeStories Keepsake Medallion,248388,32.00,"LifeStories Friend, 1.75 in. Keepsake Medallion",,,,,,,1.75,1.75,,
Urns & Keepsakes - Remembrance Keepsakes,LifeStories Keepsake Medallion,273829,32.00,"LifeStories Dad, 1.75 in. Keepsake Medallion",,,,,,,1.75,1.75,,
Urns & Keepsakes - Remembrance Keepsakes,LifeStories Keepsake Medallion,273835,32.00,"LifeStories Grandpa, 1.75 in. Keepsake Medallion",,,,,,,1.75,1.75,,
Urns & Keepsakes - Remembrance Keepsakes,LifeStories Keepsake Medallion,274764,32.00,"LifeStories Mama, 1.75 in. Keepsake Medallion",,,,,,,1.75,1.75,,
Urns & Keepsakes - Remembrance Keepsakes,LifeStories Keepsake Medallion,248389,32.00,"LifeStories Butterfly (In God's Presence),1.75 in. Keepsake Medallion",,,,,,,1.75,1.75,,
Urns & Keepsakes - Remembrance Keepsakes,LifeStories Keepsake Medallion,243710,32.00,"LifeStories Masonic, 1.75 in. Keepsake Medallion",,,,,,,1.75,1.75,,
Urns & Keepsakes - Remembrance Keepsakes,LifeStories Keepsake Medallion,274763,32.00,"LifeStories Papa, 1.75 in. Keepsake Medallion",,,,,,,1.75,1.75,,
Urns & Keepsakes - Remembrance Keepsakes,LifeStories Keepsake Medallion,243708,32.00,"LifeStories Lest We Forget, 1.75 in. Keepsake Medallion",,,,,,,1.75,1.75,,
Urns & Keepsakes - Remembrance Keepsakes,LifeStories Keepsake Medallion,285914,32.00,"Gold Urn Engraving Pendant",,,,,,,0.10,2.23,,0
Urns & Keepsakes - Remembrance Keepsakes,LifeStories Keepsake Medallion,285915,32.00,"Silver Urn Engraving Pendant",,,,,,,0.10,2.23,,0
Urns & Keepsakes - Remembrance Keepsakes,LifeStories Keepsake Medallion,274765,32.00,"LifeStories Abuela, 1.75 in. Keepsake Medallion",,,,,,,1.75,1.75,,
Urns & Keepsakes - Remembrance Keepsakes,LifeStories Keepsake Medallion,240195,32.00,"LifeStories May The Work, 1.75 in. Keepsake Medallion",,,,,,,1.75,1.75,,
Urns & Keepsakes - Remembrance Keepsakes,LifeStories Keepsake Medallion,251340,32.00,"LifeStories Daughter, 1.75 in. Keepsake Medallion",,,,,,,1.75,1.75,,
Urns & Keepsakes - Remembrance Keepsakes,LifeStories Keepsake Medallion,251338,32.00,"LifeStories Son, 1.75 in. Keepsake Medallion",,,,,,,1.75,1.75,,
Urns & Keepsakes - Remembrance Keepsakes,LifeStories Keepsake Medallion,274766,32.00,"LifeStories Abuelo, 1.75 in. Keepsake Medallion",,,,,,,1.75,1.75,,
Urns & Keepsakes - Remembrance Keepsakes,LifeStories Keepsake Medallion,275355,32.00,"Imaged Medallion, 1.75 in. Keepsake Blank",,,,,,,,,,
Urns & Keepsakes - Remembrance Keepsakes,LifeStories Keepsake Medallion,243711,32.00,"LifeStories Mother/Grandmother, 1.75 in. Keepsake Medallion",,,,,,,1.75,1.75,,
Urns & Keepsakes - Remembrance Keepsakes,LifeStories Keepsake Medallion,273833,32.00,"LifeStories Grandma, 1.75 in. Keepsake Medallion",,,,,,,1.75,1.75,,
Urns & Keepsakes - Remembrance Keepsakes,LifeStories Keepsake Medallion,240199,32.00,"LifeStories Traits, 1.75 in. Keepsake Medallion",,,,,,,1.75,1.75,,
Urns & Keepsakes - Remembrance Keepsakes,LifeStories Keepsake Medallion,240200,32.00,"LifeStories Wife, 1.75 in. Keepsake Medallion",,,,,,,1.75,1.75,,
Urns & Keepsakes - Remembrance Keepsakes,LifeStories Keepsake Medallion,243712,32.00,"LifeStories Sister, 1.75 in. Keepsake Medallion",,,,,,,1.75,1.75,,
Urns & Keepsakes - Remembrance Keepsakes,LifeStories Keepsake Medallion,240186,32.00,"LifeStories In God's Care (Cross), 1.75 in. Keepsake Medallion",,,,,,,1.75,1.75,,
Urns & Keepsakes - Remembrance Keepsakes,LifeStories Keepsake Medallion,240193,32.00,"LifeStories Honor & Courage, 1.75 in. Keepsake Medallion",,,,,,,1.75,1.75,,
Urns & Keepsakes - Remembrance Keepsakes,LifeStories Keepsake Medallion,243709,32.00,"LifeStories Lord Is My Shepherd, 1.75 in. Keepsake Medallion",,,,,,,1.75,1.75,,
Urns & Keepsakes - Remembrance Keepsakes,LifeStories Keepsake Medallion,240187,32.00,"LifeStories Eagle, 1.75 in. Keepsake Medallion",,,,,,,1.75,1.75,,
Urns & Keepsakes - Remembrance Keepsakes,LifeStories Keepsake Medallion,240194,32.00,"LifeStories Husband, 1.75 in. Keepsake Medallion",,,,,,,1.75,1.75,,
Urns & Keepsakes - Remembrance Keepsakes,LifeStories Keepsake Medallion,243707,32.00,"LifeStories Going Home, 1.75 in. Keepsake Medallion",,,,,,,1.75,1.75,,
Urns & Keepsakes - Remembrance Keepsakes,LifeStories Keepsake Medallion,243713,32.00,"LifeStories Together Forever, 1.75"" Keepsake Medallion",,,,,,,1.75,1.75,,
Urns & Keepsakes - Remembrance Keepsakes,LifeStories Keepsake Medallion,240188,32.00,"LifeStories Faith, 1.75 in. Keepsake Medallion",,,,,,,1.75,1.75,,
Urns & Keepsakes - Remembrance Keepsakes,LifeStories Keepsake Medallion,243706,32.00,"LifeStories Brother, 1.75 in. Keepsake Medallion",,,,,,,1.75,1.75,,
Urns & Keepsakes - Remembrance Keepsakes,LifeStories Keepsake Medallion,240190,32.00,"LifeStories Footprints, 1.75 in. Keepsake Medallion",,,,,,,1.75,1.75,,
Urns & Keepsakes - Remembrance Keepsakes,LifeStories Keepsake Medallion,248868,32.00,"LifeStories Faithful Friend, 1.75 in. Keepsake Medallion",,,,,,,1.75,1.75,,
Urns & Keepsakes - Remembrance Keepsakes,Ceramic,284191,217.55,"Celestial Nightfall Keepsake",,,,,,,3.75,3.75,,1
Urns & Keepsakes - Remembrance Keepsakes,Ceramic,284187,217.55,"Celestial Moonlit Keepsake",,,,,,,3.75,3.75,,1
Urns & Keepsakes - Remembrance Keepsakes,Ceramic,282870,215.65,"Blossom Linen Vase Keepsake",,,,,,,4.25,4.25,,3
Urns & Keepsakes - Remembrance Keepsakes,Ceramic,282871,215.65,"Blossom Grey Vase Keepsake",,,,,,,4.25,4.25,,3
Urns & Keepsakes - Remembrance Keepsakes,Ceramic,283593,215.65,"Blossom Charcoal Vase Keepsake",,,,,,,4.25,4.25,,3
Urns & Keepsakes - Remembrance Keepsakes,Ceramic,284197,156.02,"Longworth Angel Falls Keepsake",,,,,,,6.50,3.00,,1
Urns & Keepsakes - Remembrance Keepsakes,Ceramic,284193,156.02,"Longworth Arcadia Keepsake",,,,,,,6.50,3.00,,1
Urns & Keepsakes - Remembrance Keepsakes,Ceramic,284189,132.82,"Celestial Eventide Keepsake",,,,,,,3.75,3.75,,1
Urns & Keepsakes - Remembrance Keepsakes,Ceramic,287511,132.82,"Celestial Daybreak Keepsake",,,,,,,3.75,3.75,,1
Urns & Keepsakes - Remembrance Keepsakes,Ceramic,283594,131.66,"Blossom Blue Vase Keepsake",,,,,,,4.25,4.25,,3
Urns & Keepsakes - Remembrance Keepsakes,Ceramic,287518,124.12,"Adams Willow Keepsake",,,,,,,4.50,4.50,,1
Urns & Keepsakes - Remembrance Keepsakes,Ceramic,287513,124.12,"Adams Linen Keepsake",,,,,,,4.50,4.50,,1
Urns & Keepsakes - Remembrance Keepsakes,LifeStories & LifeSymbols Sets,243627,97.00,"LifeStories Keepsake Medallion Photoframe,Holds 3 Medallions",,,,,,,9.38,9.38,,
Urns & Keepsakes - Remembrance Keepsakes,LifeStories & LifeSymbols Sets,243626,97.00,"LifeStories Photochest, Holds 1 4.25 Display Medallion",,,,,,,9.38,7.50,,
Urns & Keepsakes - Remembrance Keepsakes,LifeStories & LifeSymbols Sets,184629,82.00,"LifeSymbols Keepsake Plaque, Order In Qty Of 4 Pieces",,,,,,,0.79,10.43,,
Urns & Keepsakes - Remembrance Keepsakes,LifeStories & LifeSymbols Sets,243716,54.00,"LifeStories Keepsake Medallion Bezel, 5 Per Box",,,,,,,1.75,1.75,,
Urns & Keepsakes - Remembrance Keepsakes,LifeStories & LifeSymbols Sets,240490,46.00,"LifeStories Medallion Case (3), Holds (3) 1.75 Keepsake Med.",,,,,,,3.50,8.00,,
Urns & Keepsakes - Remembrance Keepsakes,LifeStories & LifeSymbols Sets,240489,39.00,"LifeStories Medallion Case (1), Holds One 1.75 Keepsake Med.",,,,,,,3.50,3.50,,
Urns & Keepsakes - Remembrance Keepsakes,Marble,285201,79.46,"Cashmere Gray Keepsake",,,,,,,4.00,4.00,,2
Urns & Keepsakes - Remembrance Keepsakes,Marble,285018,79.46,"Nero Marquina Keepsake",,,,,,,4.00,4.00,,2
Urns & Keepsakes - Remembrance Keepsakes,Marble,285200,79.46,"Antique White Keepsake",,,,,,,4.00,4.00,,2
Urns & Keepsakes - Remembrance Keepsakes,Marble,285015,79.46,"Verona Beige Keepsake",,,,,,,4.00,4.00,,2
Urns & Keepsakes - Remembrance Keepsakes,Metal,285960,105.56,"Aberdeen Dark Bronze Keepsake",,,,,,,2.00,4.00,,2
Urns & Keepsakes - Remembrance Keepsakes,Metal,285958,105.56,"Westfield Antique Cop Keepsake",,,,,,,2.00,4.00,,2
Urns & Keepsakes - Remembrance Keepsakes,Metal,285964,99.18,"Hawthorne Pewt Candle Keepsake",,,,,,,4.20,4.20,,3
Urns & Keepsakes - Remembrance Keepsakes,Metal,285962,99.18,"Glencoe Bronze Candle Keepsake",,,,,,,3.50,3.50,,2
Urns & Keepsakes - Remembrance Keepsakes,Metal,235706,98.60,"Blue Delphia Keepsake",,,,,,,4.38,4.38,,2
Urns & Keepsakes - Remembrance Keepsakes,Metal,205400,98.60,"Ashen Pewter Keepsake",,,,,,,4.56,4.56,,2
Urns & Keepsakes - Remembrance Keepsakes,Metal,205405,98.60,"Chestnut Bronze Keepsake",,,,,,,4.56,4.56,,2
Urns & Keepsakes - Remembrance Keepsakes,Metal,235710,98.60,"Crimson Delphia Keepsake",,,,,,,4.38,4.38,,2
Urns & Keepsakes - Remembrance Keepsakes,Metal,235717,98.60,"Delphia Wings Keepsake",,,,,,,4.38,4.38,,2
Urns & Keepsakes - Remembrance Keepsakes,Metal,287521,88.74,"Cresthaven Sky Blue Cndl Kpsk",1,,,,,,4.25,4.25,,2
Urns & Keepsakes - Remembrance Keepsakes,Metal,287437,88.74,"Roselyn Champagne Bronze Keepsake",,,,,,,4.50,4.50,,2
Urns & Keepsakes - Remembrance Keepsakes,Metal,287522,88.74,"Cresthaven Pink Candle Kpsk",1,,,,,,4.25,4.25,,2
Urns & Keepsakes - Remembrance Keepsakes,Metal,287445,88.74,"Oakridge Silver Keepsake",,,,,,,4.50,4.50,,2
Urns & Keepsakes - Remembrance Keepsakes,Metal,287441,88.74,"Florance Silver Keepsake",,,,,,,4.50,4.50,,2
Urns & Keepsakes - Remembrance Keepsakes,Metal,287523,88.74,"Cresthaven Ivory Candle Kpsk",1,,,,,,4.25,4.25,,2
Urns & Keepsakes - Remembrance Keepsakes,Metal,235708,67.28,"Blue Delphia Heart Keepsake",,,,,,,2.75,2.81,,1
Urns & Keepsakes - Remembrance Keepsakes,Metal,235712,67.28,"Crimson Delphia Heart Keepsake",,,,,,,2.75,2.81,,1
Urns & Keepsakes - Remembrance Keepsakes,Metal,287462,67.28,"Affinity Pewter Keepsake",,,,,,,4.50,4.50,,2
Urns & Keepsakes - Remembrance Keepsakes,Metal,205403,67.28,"Ashen Pewter Heart Keepsake",,,,,,,2.75,2.81,,1
Urns & Keepsakes - Remembrance Keepsakes,Metal,205407,67.28,"Chestnut Bronze Heart Keepsake",,,,,,,2.75,2.81,,1
Urns & Keepsakes - Remembrance Keepsakes,Metal,287464,67.28,"Affinity Champagne Mist Kpsk",,,,,,,4.50,4.50,,2
Urns & Keepsakes - Remembrance Keepsakes,Metal,235719,67.28,"Delphia Wings Heart Keepsake",,,,,,,2.75,2.81,,1
Urns & Keepsakes - Remembrance Keepsakes,Metal,285978,63.22,"Cresthaven Lavender Miniature Urn",1,,,,,,2.65,2.65,,1
Urns & Keepsakes - Remembrance Keepsakes,Metal,285972,63.22,"Cresthaven Pink Miniature Urn",1,,,,,,2.65,2.65,,1
Urns & Keepsakes - Remembrance Keepsakes,Metal,285976,63.22,"Cresthaven Ivory Miniature Urn",1,,,,,,2.65,2.65,,1
Urns & Keepsakes - Remembrance Keepsakes,Metal,285974,63.22,"Cresthaven Black Miniature Urn",1,,,,,,2.65,2.65,,1
Urns & Keepsakes - Remembrance Keepsakes,Metal,285970,63.22,"Cresthaven Blue Miniature Urn",1,,,,,,2.65,2.65,,1
Urns & Keepsakes - Remembrance Keepsakes,Metal,282867,59.74,"Cooper Burnished Gold Miniature Keepsake",,,,,,,1.90,1.90,,0
Urns & Keepsakes - Remembrance Keepsakes,Metal,282869,59.74,"Cooper Charcoal Miniature Keepsake",,,,,,,1.90,1.90,,0
Urns & Keepsakes - Remembrance Keepsakes,Metal,205401,55.68,"Ashen Pewter Miniature Keepsake",,,,,,,2.00,2.00,,0
Urns & Keepsakes - Remembrance Keepsakes,Metal,235718,55.68,"Delphia Wings Miniature Keepsake",,,,,,,1.31,1.31,,0
Urns & Keepsakes - Remembrance Keepsakes,Metal,205406,55.68,"Chestnut Bronze Miniature Keepsake",,,,,,,2.00,2.00,,0
Urns & Keepsakes - Remembrance Keepsakes,Metal,235711,55.68,"Crimson Delphia Miniature Keepsake",,,,,,,1.31,1.31,,0
Urns & Keepsakes - Remembrance Keepsakes,Metal,235707,55.68,"Blue Delphia Miniature Keepsake",,,,,,,1.31,1.31,,0
Urns & Keepsakes - Remembrance Keepsakes,Cloisonne Classic,270114,222.30,"Red Rosette Cloisonne Keepsake",,,,,,,3.75,3.75,,2
Urns & Keepsakes - Remembrance Keepsakes,Cloisonne Classic,270108,222.30,"Midnight Swirl Cloisonne Keepsake",,,,,,,3.75,3.75,,2
Urns & Keepsakes - Remembrance Keepsakes,Cloisonne Classic,270116,135.72,"Melrose Pink Cloisonne Keepsake",,,,,,,5.25,5.25,,2
Urns & Keepsakes - Remembrance Keepsakes,Cloisonne Classic,272052,135.72,"Ivory Pearl Cloisonne Keepsake",,,,,,,5.50,5.50,,2
Urns & Keepsakes - Remembrance Keepsakes,Cloisonne Classic,272049,124.45,"Midnight Swirl Cloisonne Miniature",,,,,,,4.50,4.50,,1
Urns & Keepsakes - Remembrance Keepsakes,Cloisonne Classic,272050,124.45,"Red Rosette Cloisonne Miniature",,,,,,,4.50,4.50,,1
Urns & Keepsakes - Remembrance Keepsakes,Cloisonne Classic,287494,97.44,"Crimson Harvest Cloisonne Mini",,,,,,,2.20,2.20,,0
Urns & Keepsakes - Remembrance Keepsakes,Cloisonne Classic,287492,97.44,"Night Sky Cloisonne Miniature",,,,,,,2.20,2.20,,0
Urns & Keepsakes - Remembrance Keepsakes,Cloisonne Classic,272046,75.98,"Blue Butterfly Cloisonne Miniature",,,,,,,4.50,4.50,,1
Urns & Keepsakes - Remembrance Keepsakes,Cloisonne Classic,272053,75.98,"Ivory Pearl Cloisonne Miniature",,,,,,,4.50,4.50,,1
Urns & Keepsakes - Remembrance Keepsakes,Cloisonne Classic,272048,75.98,"Melrose Pink Cloisonne Miniature",,,,,,,4.50,4.50,,1
Urns & Keepsakes - Remembrance Keepsakes,Sheet Bronze,148362,255.55,"Pink Bronze Cube Keepsake",,,,,,,3.75,3.75,,3
Urns & Keepsakes - Remembrance Keepsakes,Sheet Bronze,148360,255.55,"Blue Bronze Cube Keepsake",,,,,,,3.75,3.75,,3
Urns & Keepsakes - Remembrance Keepsakes,Sheet Bronze,148361,156.02,"Brushed Bronze Cube Keepsake",,,,,,,3.75,3.75,,3
Urns & Keepsakes - Remembrance Jewelry,Stainless Steel Jewelry,283820,131.66,"Men's Stainless Cross - Black Finish",,,,,,,1.02,0.23,,0
Urns & Keepsakes - Remembrance Jewelry,Stainless Steel Jewelry,283821,131.66,"Men's Stainless Arrow - Natural Finish",,,,,,,0.92,0.40,,0
Urns & Keepsakes - Remembrance Jewelry,Stainless Steel Jewelry,283822,131.66,"Men's Stainless Arrow - Black Finish",,,,,,,0.92,0.40,,0
Urns & Keepsakes - Remembrance Jewelry,Stainless Steel Jewelry,283819,131.66,"Men's Stainless Cross - Natural Finish",,,,,,,1.02,0.23,,0
Urns & Keepsakes - Remembrance Jewelry,Stainless Steel Jewelry,243767,129.92,"Montane Stainless Steel Men's Bracelet",,,,,,,9.25,0.19,,1
Urns & Keepsakes - Remembrance Jewelry,Stainless Steel Jewelry,243769,122.38,"Montane Stainless Steel Cufflinks",,,,,,,0.44,0.75,,0
Urns & Keepsakes - Remembrance Jewelry,Stainless Steel Jewelry,243768,122.38,"Montane Stainless Steel Money Clip",,,,,,,0.81,0.50,,0
Urns & Keepsakes - Remembrance Jewelry,Stainless Steel Jewelry,248594,105.56,"Stainless Steel Dog Tag",,,,,,,1.13,0.13,,0
Urns & Keepsakes - Remembrance Jewelry,Stainless Steel Jewelry,283823,105.56,"Men's Stainless Dog Tag - Black Finish",,,,,,,1.13,0.13,,0
Urns & Keepsakes - Remembrance Jewelry,Stainless Steel Jewelry,255745,91.64,"Stainless Steel Sideways Heart Pendant",,,,,,,0.75,0.75,,1
Urns & Keepsakes - Remembrance Jewelry,Stainless Steel Jewelry,255744,91.64,"Stainless Steel Sideways Cross Pendant",,,,,,,0.75,0.75,,1
Urns & Keepsakes - Remembrance Jewelry,Stainless Steel Jewelry,255746,91.64,"Stainless Steel Starfish Pendant",,,,,,,0.75,0.75,,1
Urns & Keepsakes - Remembrance Jewelry,14K Gold,284293,511.56,"14k Gold Feather",,,,,,,0.83,0.14,,0
Urns & Keepsakes - Remembrance Jewelry,14K Gold,210269,511.56,"14K Gold Cross Pendant",,,,,,,0.50,0.25,,0
Urns & Keepsakes - Remembrance Jewelry,14K Gold,210273,511.56,"14K Gold Teardrop Pendant",,,,,,,0.38,0.25,,0
Urns & Keepsakes - Remembrance Jewelry,14K Gold,210271,511.56,"14K Gold Heart Pendant",,,,,,,0.50,0.19,,0
Urns & Keepsakes - Remembrance Jewelry,14K Gold,210284,219.24,"14K Gold Chain",,,,,,,,20.00,,0
Urns & Keepsakes - Remembrance Jewelry,18K Gold Vermeil,284285,320.16,"18K Gold Vermeil Compass - Blue",,,,,,,1.03,1.03,,0
Urns & Keepsakes - Remembrance Jewelry,18K Gold Vermeil,284283,311.46,"18K Gold Vermeil Sideways Feather Necklace",,,,,,,0.13,1.43,,0
Urns & Keepsakes - Remembrance Jewelry,18K Gold Vermeil,284282,311.46,"18K Gold Vermeil Swoop Necklace",,,,,,,0.15,1.65,,0
Urns & Keepsakes - Remembrance Jewelry,18K Gold Vermeil,284289,270.28,"18K Gold Vermeil Sideways Cross Necklace",,,,,,,0.64,1.10,,1
Urns & Keepsakes - Remembrance Jewelry,18K Gold Vermeil,284281,255.78,"18K Gold Vermeil Lock",,,,,,,0.20,0.50,,0
Urns & Keepsakes - Remembrance Jewelry,18K Gold Vermeil,284284,255.78,"18K Gold Vermeil Round Pendant",,,,,,,0.16,1.04,,0
Urns & Keepsakes - Remembrance Jewelry,18K Gold Vermeil,284280,255.78,"18K Gold Vermeil Bar Pendant",,,,,,,0.24,0.24,,0
Urns & Keepsakes - Remembrance Jewelry,18K Gold Vermeil,284313,242.44,"18K Gold Vermeil Key Necklace",,,,,,,0.75,0.13,,0
Urns & Keepsakes - Remembrance Jewelry,18K Gold Vermeil,284312,211.12,"18K Gold Vermeil Men's Cross",,,,,,,0.63,0.19,,0
Urns & Keepsakes - Remembrance Jewelry,18K Gold Vermeil,284288,201.26,"18K Gold Vermeil Cross Pendant",,,,,,,0.50,0.25,,0
Urns & Keepsakes - Remembrance Jewelry,18K Gold Vermeil,284290,201.26,"18K Gold Vermeil Heart Pendant",,,,,,,0.50,0.19,,0
Urns & Keepsakes - Remembrance Jewelry,18K Gold Vermeil,284286,201.26,"18K Gold Vermeil Tear Drop",,,,,,,0.38,0.25,,0
Urns & Keepsakes - Remembrance Jewelry,18K Gold Vermeil,284311,197.20,"18K Gold Vermeil Sideways Heart Pendant",,,,,,,0.60,0.60,,1
Urns & Keepsakes - Remembrance Jewelry,18K Gold Vermeil,284291,197.20,"18K Gold Vermeil Starfish",,,,,,,0.95,1.00,,1
Urns & Keepsakes - Remembrance Jewelry,18K Gold Vermeil,284279,182.70,"18K Gold Vermeil Men's Chain",,,,,,,,20.00,,0
Urns & Keepsakes - Remembrance Jewelry,18K Gold Vermeil,284277,182.70,"18K Gold Vermeil 1.5MM Bead Chain",,,,,,,,20.00,,0
Urns & Keepsakes - Remembrance Jewelry,18K Gold Vermeil,284274,182.70,"18K Gold Vermeil Paperclip Chain",,,,,,,,20.00,,0
Urns & Keepsakes - Remembrance Jewelry,18K Gold Vermeil,284314,165.30,"18K Gold Vermeil Chain",,,,,,,,20.00,,0
Urns & Keepsakes - Remembrance Jewelry,18K Gold Vermeil,284309,110.20,"18k Gold Vermeil November Gem",,,,,,,0.15,0.21,,0
Urns & Keepsakes - Remembrance Jewelry,18K Gold Vermeil,284303,110.20,"18k Gold Vermeil May Gem",,,,,,,0.15,0.21,,0
Urns & Keepsakes - Remembrance Jewelry,18K Gold Vermeil,284308,110.20,"18k Gold Vermeil October Gem",,,,,,,0.15,0.21,,0
Urns & Keepsakes - Remembrance Jewelry,18K Gold Vermeil,284302,110.20,"18k Gold Vermeil April Gem",,,,,,,0.15,0.21,,0
Urns & Keepsakes - Remembrance Jewelry,18K Gold Vermeil,284304,110.20,"18k Gold Vermeil June Gem",,,,,,,0.15,0.21,,0
Urns & Keepsakes - Remembrance Jewelry,18K Gold Vermeil,284307,110.20,"18k Gold Vermeil September Gem",,,,,,,0.15,0.21,,0
Urns & Keepsakes - Remembrance Jewelry,18K Gold Vermeil,284305,110.20,"18k Gold Vermeil July Gem",,,,,,,0.15,0.21,,0
Urns & Keepsakes - Remembrance Jewelry,18K Gold Vermeil,284300,110.20,"18k Gold Vermeil February Gem",,,,,,,0.15,0.21,,0
Urns & Keepsakes - Remembrance Jewelry,18K Gold Vermeil,284299,110.20,"18k Gold Vermeil January Gem",,,,,,,0.15,0.21,,0
Urns & Keepsakes - Remembrance Jewelry,18K Gold Vermeil,284310,110.20,"18k Gold Vermeil December Gem",,,,,,,0.15,0.21,,0
Urns & Keepsakes - Remembrance Jewelry,18K Gold Vermeil,284306,110.20,"18k Gold Vermeil August Gem",,,,,,,0.15,0.21,,0
Urns & Keepsakes - Remembrance Jewelry,18K Gold Vermeil,284301,110.20,"18k Gold Vermeil March Gem",,,,,,,0.15,0.21,,0
Urns & Keepsakes - Remembrance Jewelry,Sterling Silver,283746,230.84,"Sterling Silver Compass-Blue",,,,,,,1.03,1.03,,0
Urns & Keepsakes - Remembrance Jewelry,Sterling Silver,283745,173.42,"Sterling Silver Sideways Feather Necklace",,,,,,,0.13,1.43,,0
Urns & Keepsakes - Remembrance Jewelry,Sterling Silver,283826,173.42,"Sterling Silver Lapis Pendant",,,,,,,0.21,0.80,,0
Urns & Keepsakes - Remembrance Jewelry,Sterling Silver,283827,173.42,"Sterling Silver Tiger's Eye Pendant",,,,,,,0.21,0.80,,0
Urns & Keepsakes - Remembrance Jewelry,Sterling Silver,283824,173.42,"Sterling Silver Malachite Pendant",,,,,,,0.21,0.80,,0
Urns & Keepsakes - Remembrance Jewelry,Sterling Silver,283743,173.42,"Sterling Silver Lock",,,,,,,0.20,0.50,,0
Urns & Keepsakes - Remembrance Jewelry,Sterling Silver,283742,173.42,"Sterling Silver Bar Pendant",,,,,,,0.24,0.24,,0
Urns & Keepsakes - Remembrance Jewelry,Sterling Silver,283828,173.42,"Sterling Silver Onyx Pendant",,,,,,,0.21,0.80,,0
Urns & Keepsakes - Remembrance Jewelry,Sterling Silver,283825,173.42,"Sterling Silver Mother of Pearl Pendant",,,,,,,0.21,0.80,,0
Urns & Keepsakes - Remembrance Jewelry,Sterling Silver,283741,173.42,"Sterling Silver Round Pendant",,,,,,,0.16,1.04,,0
Urns & Keepsakes - Remembrance Jewelry,Sterling Silver,283744,173.42,"Sterling Silver Swoop Necklace",,,,,,,0.15,1.65,,0
Urns & Keepsakes - Remembrance Jewelry,Sterling Silver,248381,165.30,"Sterling Silver Key Pendant",,,,,,,0.75,0.13,,0
Urns & Keepsakes - Remembrance Jewelry,Sterling Silver,255747,137.46,"Sterling Silver Sideways Cross Necklace",,,,,,,0.64,1.10,,1
Urns & Keepsakes - Remembrance Jewelry,Sterling Silver,221618,134.56,"Sterling Silver Large Cross Pendant",,,,,,,0.63,0.19,,0
Urns & Keepsakes - Remembrance Jewelry,Sterling Silver,261548,127.60,"LifeStories Medallion Papa Bead",,,,,,,0.75,0.13,,0
Urns & Keepsakes - Remembrance Jewelry,Sterling Silver,261545,127.60,"LifeStories Medallion Alliances Bead",,,,,,,0.75,0.13,,0
Urns & Keepsakes - Remembrance Jewelry,Sterling Silver,210267,125.86,"Sterling Silver Tear Drop Pendant",,,,,,,0.38,0.25,,0
Urns & Keepsakes - Remembrance Jewelry,Sterling Silver,210281,125.86,"Sterling Silver Cross Pendant",,,,,,,0.50,0.25,,0
Urns & Keepsakes - Remembrance Jewelry,Sterling Silver,210283,125.86,"Sterling Silver Heart Pendant",,,,,,,0.50,0.19,,0
Urns & Keepsakes - Remembrance Jewelry,Sterling Silver,255748,121.80,"Sterling Silver Sideways Heart Pendant",,,,,,,0.60,0.60,,1
Urns & Keepsakes - Remembrance Jewelry,Sterling Silver,255749,121.80,"Sterling Silver Starfish Pendant",,,,,,,0.95,1.00,,1
Urns & Keepsakes - Remembrance Jewelry,Sterling Silver,283832,92.80,"Sterling Silver February Gem",,,,,,,0.15,0.21,,0
Urns & Keepsakes - Remembrance Jewelry,Sterling Silver,283837,92.80,"Sterling Silver July Gem",,,,,,,0.15,0.21,,0
Urns & Keepsakes - Remembrance Jewelry,Sterling Silver,283840,92.80,"Sterling Silver October Gem",,,,,,,0.15,0.21,,0
Urns & Keepsakes - Remembrance Jewelry,Sterling Silver,283842,92.80,"Sterling Silver December Gem",,,,,,,0.15,0.21,,0
Urns & Keepsakes - Remembrance Jewelry,Sterling Silver,283833,92.80,"Sterling Silver March Gem",,,,,,,0.15,0.21,,0
Urns & Keepsakes - Remembrance Jewelry,Sterling Silver,283835,92.80,"Sterling Silver May Gem",,,,,,,0.15,0.21,,0
Urns & Keepsakes - Remembrance Jewelry,Sterling Silver,283834,92.80,"Sterling Silver April Gem",,,,,,,0.15,0.21,,0
Urns & Keepsakes - Remembrance Jewelry,Sterling Silver,283831,92.80,"Sterling Silver January Gem",,,,,,,0.15,0.21,,0
Urns & Keepsakes - Remembrance Jewelry,Sterling Silver,283839,92.80,"Sterling Silver September Gem",,,,,,,0.15,0.21,,0
Urns & Keepsakes - Remembrance Jewelry,Sterling Silver,283838,92.80,"Sterling Silver August Gem",,,,,,,0.15,0.21,,0
Urns & Keepsakes - Remembrance Jewelry,Sterling Silver,283841,92.80,"Sterling Silver November Gem",,,,,,,0.15,0.21,,0
Urns & Keepsakes - Remembrance Jewelry,Sterling Silver,283836,92.80,"Sterling Silver June Gem",,,,,,,0.15,0.21,,0
Urns & Keepsakes - Remembrance Jewelry,Sterling Silver,283843,78.30,"Sterling Silver 1.5MM Bead Chain 20IN",,,,,,,,20.00,,0
Urns & Keepsakes - Remembrance Jewelry,Sterling Silver,283733,78.30,"Sterling Silver Paperclip Chain",,,,,,,,20.00,,0
Urns & Keepsakes - Remembrance Jewelry,Sterling Silver,221619,68.44,"Sterling Silver Men's Chain",,,,,,,,20.00,,0
Urns & Keepsakes - Remembrance Jewelry,Sterling Silver,210280,59.74,"20"" Sterling Silver Chain",,,,,,,,20.00,,0
Product Personalization - Engraving Designs,Life's Interests/Hobbies,183539,43.50,"Engraving Custom Image",,,,,,,,,,
Product Personalization - Engraving Designs,Life's Interests/Hobbies,183538,23.20,"Engraving Name, Dates and Small Verse",,,,,,,,,,
Product Personalization - Engraving Designs,Life's Interests/Hobbies,263859,17.40,"Semi Truck Engraving Design",,,,,,,,,,
Product Personalization - Engraving Designs,Life's Interests/Hobbies,281941,17.40,"Hockey Sticks Engraving Design",,,,,,,,,,
Product Personalization - Engraving Designs,Life's Interests/Hobbies,281948,17.40,"Skis Engraving Design",,,,,,,,,,
Product Personalization - Engraving Designs,Life's Interests/Hobbies,183278,17.40,"Fisherman Engraving Design",,,,,,,,,,
Product Personalization - Engraving Designs,Life's Interests/Hobbies,284966,17.40,"Golf Engraving",,,,,,,,,,
Product Personalization - Engraving Designs,Life's Interests/Hobbies,183363,17.40,"Baseball Figure Engraving Design",,,,,,,,,,
Product Personalization - Engraving Designs,Life's Interests/Hobbies,183367,17.40,"Butterfly Engraving Design",,,,,,,,,,
Product Personalization - Engraving Designs,Life's Interests/Hobbies,284963,17.40,"Soccer/Futbol Engraving",,,,,,,,,,
Product Personalization - Engraving Designs,Life's Interests/Hobbies,183244,17.40,"Golfer Engraving Design",,,,,,,,,,
Product Personalization - Engraving Designs,Life's Interests/Hobbies,183242,17.40,"Dolphins Engraving Design",,,,,,,,,,
Product Personalization - Engraving Designs,Life's Interests/Hobbies,183351,17.40,"Flora Rose Engraving Design",,,,,,,,,,
Product Personalization - Engraving Designs,Life's Interests/Hobbies,183307,17.40,"Bowling Engraving Design",,,,,,,,,,
Product Personalization - Engraving Designs,Life's Interests/Hobbies,183584,17.40,"Golf Engraving Design",,,,,,,,,,
Product Personalization - Engraving Designs,Life's Interests/Hobbies,183288,17.40,"Fisherman On Bank Engraving Design",,,,,,,,,,
Product Personalization - Engraving Designs,Life's Interests/Hobbies,281950,17.40,"Square Floral Border Engraving Design",,,,,,,,,,
Product Personalization - Engraving Designs,Life's Interests/Hobbies,183336,17.40,"Washington Elk Engraving Design",,,,,,,,,,
Product Personalization - Engraving Designs,Life's Interests/Hobbies,284943,17.40,"Hummingbird (2) Engraving",,,,,,,,,,
Product Personalization - Engraving Designs,Life's Interests/Hobbies,284958,17.40,"Interlocked Wedding Rings Engraving",,,,,,,,,,
Product Personalization - Engraving Designs,Life's Interests/Hobbies,183354,17.40,"Train Engraving Design",,,,,,,,,,
Product Personalization - Engraving Designs,Life's Interests/Hobbies,281943,17.40,"Liberty Bell Engraving Design",,,,,,,,,,
Product Personalization - Engraving Designs,Life's Interests/Hobbies,284964,17.40,"Basketball Engraving",,,,,,,,,,
Product Personalization - Engraving Designs,Life's Interests/Hobbies,281940,17.40,"Hockey Player Engraving Design",,,,,,,,,,
Product Personalization - Engraving Designs,Life's Interests/Hobbies,183267,17.40,"Scroll / Rings Engraving Design",,,,,,,,,,
Product Personalization - Engraving Designs,Life's Interests/Hobbies,201749,17.40,"Lighthouse Engraving Design",,,,,,,,,,
Product Personalization - Engraving Designs,Life's Interests/Hobbies,183567,17.40,"Watering Can with Flowers Engraving Design",,,,,,,,,,
Product Personalization - Engraving Designs,Life's Interests/Hobbies,284950,17.40,"Monarch Butterfly Engraving",,,,,,,,,,
Product Personalization - Engraving Designs,Life's Interests/Hobbies,284960,17.40,"Heart (Contemporary) Engraving",,,,,,,,,,
Product Personalization - Engraving Designs,Life's Interests/Hobbies,263502,17.40,"Heart Engraving Design",,,,,,,,,,
Product Personalization - Engraving Designs,Life's Interests/Hobbies,281944,17.40,"Theatre Masks Engraving Design",,,,,,,,,,
Product Personalization - Engraving Designs,Life's Interests/Hobbies,284957,17.40,"Motorcycle (2) Engraving",,,,,,,,,,
Product Personalization - Engraving Designs,Life's Interests/Hobbies,284948,17.40,"Rose (2) Engraving",,,,,,,,,,
Product Personalization - Engraving Designs,Life's Interests/Hobbies,284961,17.40,"Two Hearts Engraving",,,,,,,,,,
Product Personalization - Engraving Designs,Life's Interests/Hobbies,183365,17.40,"Bird and Morning Glory Engraving Design",,,,,,,,,,
Product Personalization - Engraving Designs,Life's Interests/Hobbies,276556,17.40,"Archery",,,,,,,,,,
Product Personalization - Engraving Designs,Life's Interests/Hobbies,183312,17.40,"Floral Border Engraving Design",,,,,,,,,,
Product Personalization - Engraving Designs,Life's Interests/Hobbies,183372,17.40,"Airplane 1 Engraving Design",,,,,,,,,,
Product Personalization - Engraving Designs,Life's Interests/Hobbies,183545,17.40,"Roses Border Engraving Design",,,,,,,,,,
Product Personalization - Engraving Designs,Life's Interests/Hobbies,284965,17.40,"Baseball (2) Engraving",,,,,,,,,,
Product Personalization - Engraving Designs,Life's Interests/Hobbies,281931,17.40,"Camping Engraving Design",,,,,,,,,,
Product Personalization - Engraving Designs,Life's Interests/Hobbies,183262,17.40,"Desert Engraving Design",,,,,,,,,,
Product Personalization - Engraving Designs,Life's Interests/Hobbies,284945,17.40,"Deer (2) Engraving",,,,,,,,,,
Product Personalization - Engraving Designs,Life's Interests/Hobbies,183273,17.40,"Horse Engraving Design",,,,,,,,,,
Product Personalization - Engraving Designs,Life's Interests/Hobbies,281938,17.40,"Hockey Goalie Engraving Design",,,,,,,,,,
Product Personalization - Engraving Designs,Life's Interests/Hobbies,183524,17.40,"Lady Golfer Engraving Design",,,,,,,,,,
Product Personalization - Engraving Designs,Life's Interests/Hobbies,281939,17.40,"Hockey Goalie Mask Engraving Design",,,,,,,,,,
Product Personalization - Engraving Designs,Life's Interests/Hobbies,183375,17.40,"Football Helmet / Goal Engrvg",,,,,,,,,,
Product Personalization - Engraving Designs,Life's Interests/Hobbies,183573,17.40,"Butterfly Verse Engraving",,,,,,,,,,
Product Personalization - Engraving Designs,Life's Interests/Hobbies,183339,17.40,"Wildlife Scene Engraving Design",,,,,,,,,,
Product Personalization - Engraving Designs,Life's Interests/Hobbies,281929,17.40,"Beach Engraving Design",,,,,,,,,,
Product Personalization - Engraving Designs,Life's Interests/Hobbies,183357,17.40,"Baseball Engraving Design",,,,,,,,,,
Product Personalization - Engraving Designs,Life's Interests/Hobbies,183579,17.40,"Musical Notes Engraving Design",,,,,,,,,,
Product Personalization - Engraving Designs,Life's Interests/Hobbies,281952,17.40,"Wheat with Leaves Engraving Design",,,,,,,,,,
Product Personalization - Engraving Designs,Life's Interests/Hobbies,183547,17.40,"Heart And Roses Engraving Design",,,,,,,,,,
Product Personalization - Engraving Designs,Life's Interests/Hobbies,183564,17.40,"Barn Scene with Tree Engraving Design",,,,,,,,,,
Product Personalization - Engraving Designs,Life's Interests/Hobbies,281945,17.40,"Music Notes Border Engraving Design",,,,,,,,,,
Product Personalization - Engraving Designs,Life's Interests/Hobbies,284944,17.40,"Wolves Engraving",,,,,,,,,,
Product Personalization - Engraving Designs,Life's Interests/Hobbies,284952,17.40,"Eagle Landing Engraving",,,,,,,,,,
Product Personalization - Engraving Designs,Life's Interests/Hobbies,284967,17.40,"Electric Guitar Engraving",,,,,,,,,,
Product Personalization - Engraving Designs,Life's Interests/Hobbies,183257,17.40,"Mountain Engraving Design",,,,,,,,,,
Product Personalization - Engraving Designs,Life's Interests/Hobbies,251903,17.40,"Cat Engraving",,,,,,,,,,
Product Personalization - Engraving Designs,Life's Interests/Hobbies,276561,17.40,"Filigree Border Engraving",,,,,,,,,,
Product Personalization - Engraving Designs,Life's Interests/Hobbies,284946,17.40,"Rearing Horse Engraving",,,,,,,,,,
Product Personalization - Engraving Designs,Life's Interests/Hobbies,281949,17.40,"Various Sports Engraving Design",,,,,,,,,,
Product Personalization - Engraving Designs,Life's Interests/Hobbies,183344,17.40,"Hummingbird Engraving Design",,,,,,,,,,
Product Personalization - Engraving Designs,Life's Interests/Hobbies,281947,17.40,"Horse Racing Engraving Design",,,,,,,,,,
Product Personalization - Engraving Designs,Life's Interests/Hobbies,281951,17.40,"Unicorn Engraving Design",,,,,,,,,,
Product Personalization - Engraving Designs,Life's Interests/Hobbies,276557,17.40,"Outdoor scene",,,,,,,,,,
Product Personalization - Engraving Designs,Life's Interests/Hobbies,183559,17.40,"Barn Scene Engraving Design",,,,,,,,,,
Product Personalization - Engraving Designs,Life's Interests/Hobbies,276565,17.40,"Golfer",,,,,,,,,,
Product Personalization - Engraving Designs,Life's Interests/Hobbies,201748,17.40,"Elk Engraving Design",,,,,,,,,,
Product Personalization - Engraving Designs,Life's Interests/Hobbies,284951,17.40,"Dragonfly Engraving",,,,,,,,,,
Product Personalization - Engraving Designs,Life's Interests/Hobbies,183320,17.40,"Crocus Border Engraving Design",,,,,,,,,,
Product Personalization - Engraving Designs,Life's Interests/Hobbies,242409,17.40,"Dog Engraving Design",,,,,,,,,,
Product Personalization - Engraving Designs,Life's Interests/Hobbies,183250,17.40,"Sailboat Engraving Design",,,,,,,,,,
Product Personalization - Engraving Designs,Life's Interests/Hobbies,183346,17.40,"Hunter With Gun Engraving Design",,,,,,,,,,
Product Personalization - Engraving Designs,Life's Interests/Hobbies,183285,17.40,"Fish Engraving Design",,,,,,,,,,
Product Personalization - Engraving Designs,Life's Interests/Hobbies,276558,17.40,"Deer",,,,,,,,,,
Product Personalization - Engraving Designs,Life's Interests/Hobbies,275356,17.40,"Daisy",,,,,,,,,,
Product Personalization - Engraving Designs,Life's Interests/Hobbies,183265,17.40,"Rose Engraving Design",,,,,,,,,,
Product Personalization - Engraving Designs,Life's Interests/Hobbies,281935,17.40,"Fishing Border Engraving Design",,,,,,,,,,
Product Personalization - Engraving Designs,Life's Interests/Hobbies,183566,17.40,"Richardson Engraving",,,,,,,,,,
Product Personalization - Engraving Designs,Life's Interests/Hobbies,284949,17.40,"Seashell Engraving",,,,,,,,,,
Product Personalization - Engraving Designs,Life's Interests/Hobbies,183259,17.40,"Eagle Engraving Design",,,,,,,,,,
Product Personalization - Engraving Designs,Life's Interests/Hobbies,183350,17.40,"Day Lily Engraving Design",,,,,,,,,,
Product Personalization - Engraving Designs,Spiritual/Religious,183238,17.40,"Praying Hands Engraving Design",,,,,,,,,,
Product Personalization - Engraving Designs,Spiritual/Religious,183592,17.40,"Wedding Rings Engraving Design",,,,,,,,,,
Product Personalization - Engraving Designs,Spiritual/Religious,281936,17.40,"Gabriel Engraving Design",,,,,,,,,,
Product Personalization - Engraving Designs,Spiritual/Religious,259828,17.40,"Immaculate Heart of Mary Engraving Design",,,,,,,,,,
Product Personalization - Engraving Designs,Spiritual/Religious,263503,17.40,"Crucifix Engraving Design",,,,,,,,,,
Product Personalization - Engraving Designs,Spiritual/Religious,183377,17.40,"Star of David Engraving Design",,,,,,,,,,
Product Personalization - Engraving Designs,Spiritual/Religious,284942,17.40,"Star Of David Filled Engraving",,,,,,,,,,
Product Personalization - Engraving Designs,Spiritual/Religious,284939,17.40,"Angel With Trumpet Engraving",,,,,,,,,,
Product Personalization - Engraving Designs,Spiritual/Religious,259827,17.40,"Sacred Heart of Jesus Engraving Design",,,,,,,,,,
Product Personalization - Engraving Designs,Spiritual/Religious,183298,17.40,"Christian Center Engraving Design",,,,,,,,,,
Product Personalization - Engraving Designs,Spiritual/Religious,183549,17.40,"Ecclesiastes 31 Engraving",,,,,,,,,,
Product Personalization - Engraving Designs,Spiritual/Religious,183557,17.40,"May The Work... Engraving",,,,,,,,,,
Product Personalization - Engraving Designs,Spiritual/Religious,276560,17.40,"Angel",,,,,,,,,,
Product Personalization - Engraving Designs,Spiritual/Religious,183569,17.40,"Until Then Engraving",,,,,,,,,,
Product Personalization - Engraving Designs,Spiritual/Religious,201750,17.40,"Wisteria Engraving Design",,,,,,,,,,
Product Personalization - Engraving Designs,Spiritual/Religious,281932,17.40,"Cross with Dove Engraving Design",,,,,,,,,,
Product Personalization - Engraving Designs,Spiritual/Religious,284940,17.40,"Praying Hands (2) Engraving",,,,,,,,,,
Product Personalization - Engraving Designs,Spiritual/Religious,276564,17.40,"Praying Hands",,,,,,,,,,
Product Personalization - Engraving Designs,Spiritual/Religious,263856,17.40,"Jesus with Child Engraving Design",,,,,,,,,,
Product Personalization - Engraving Designs,Spiritual/Religious,183551,17.40,"Treasure The Memories Engravg",,,,,,,,,,
Product Personalization - Engraving Designs,Spiritual/Religious,183300,17.40,"Sign Of Peace Dove Engraving Design",,,,,,,,,,
Product Personalization - Engraving Designs,Spiritual/Religious,183254,17.40,"Going Home Engraving Design",,,,,,,,,,
Product Personalization - Engraving Designs,Spiritual/Religious,284938,17.40,"Celtic Cross (2) Engraving",,,,,,,,,,
Product Personalization - Engraving Designs,Spiritual/Religious,183340,17.40,"Mother Of Guadalupe Engraving Design",,,,,,,,,,
Product Personalization - Engraving Designs,Spiritual/Religious,183581,17.40,"Celtic Cross Engraving Design",,,,,,,,,,
Product Personalization - Engraving Designs,Spiritual/Religious,276559,17.40,"Praying Angel",,,,,,,,,,
Product Personalization - Engraving Designs,Spiritual/Religious,281933,17.40,"Cross on the Hill Engraving Design",,,,,,,,,,
Product Personalization - Engraving Designs,Spiritual/Religious,183577,17.40,"Footprints Engraving",,,,,,,,,,
Product Personalization - Engraving Designs,Spiritual/Religious,183518,17.40,"Plain Cross Engraving Design",,,,,,,,,,
Product Personalization - Engraving Designs,Spiritual/Religious,183239,17.40,"Cross Engraving Design",,,,,,,,,,
Product Personalization - Engraving Designs,Spiritual/Religious,183381,17.40,"Cross with Designs Engraving Design",,,,,,,,,,
Product Personalization - Engraving Designs,Spiritual/Religious,183247,17.40,"Wheat Engraving Design",,,,,,,,,,
Product Personalization - Engraving Designs,Spiritual/Religious,284937,17.40,"Cross (Filled) Engraving",,,,,,,,,,
Product Personalization - Engraving Designs,Spiritual/Religious,284941,17.40,"Dove Engraving",,,,,,,,,,
Product Personalization - Engraving Designs,Spiritual/Religious,281930,17.40,"Buddah Engraving Design",,,,,,,,,,
Product Personalization - Engraving Designs,Spiritual/Religious,183555,17.40,"Irish Prayer Engraving",,,,,,,,,,
Product Personalization - Engraving Designs,Spiritual/Religious,183287,17.40,"Angel Engraving Design",,,,,,,,,,
Product Personalization - Engraving Designs,Spiritual/Religious,183589,17.40,"Rosary Engraving Design",,,,,,,,,,
Product Personalization - Engraving Designs,Affiliations/Professions,284953,17.40,"Ribbon Engraving",,,,,,,,,,
Product Personalization - Engraving Designs,Affiliations/Professions,214482,17.40,"American Legion Engraving Design",,,,,,,,,,
Product Personalization - Engraving Designs,Affiliations/Professions,183517,17.40,"Coast Guard Engraving Design",,,,,,,,,,
Product Personalization - Engraving Designs,Affiliations/Professions,183379,17.40,"Fire Fighter Engraving Design",,,,,,,,,,
Product Personalization - Engraving Designs,Affiliations/Professions,183380,17.40,"Masonic Engraving Design",,,,,,,,,,
Product Personalization - Engraving Designs,Affiliations/Professions,281934,17.40,"EMT Engraving Design",,,,,,,,,,
Product Personalization - Engraving Designs,Affiliations/Professions,183378,17.40,"Police Badge Engraving Design",,,,,,,,,,
Product Personalization - Engraving Designs,Affiliations/Professions,183543,17.40,"Caduceus Engraving Design",,,,,,,,,,
Product Personalization - Engraving Designs,Affiliations/Professions,263855,17.40,"Police Badge Engraving Design",,,,,,,,,,
Product Personalization - Engraving Designs,Affiliations/Professions,263860,17.40,"VFW Engraving Design",,,,,,,,,,
Product Personalization - Engraving Designs,Affiliations/Professions,183552,17.40,"Canadian Flag Engraving Design",,,,,,,,,,
Product Personalization - Engraving Designs,Military,284959,17.40,"Veteran Engraving",,,,,,,,,,
Product Personalization - Engraving Designs,Military,183235,17.40,"Marine Corps Engraving Design",,,,,,,,,,
Product Personalization - Engraving Designs,Military,183230,17.40,"Navy Engraving Design",,,,,,,,,,
Product Personalization - Engraving Designs,Military,183580,17.40,"World War II Veteran Engraving Design",,,,,,,,,,
Product Personalization - Engraving Designs,Military,183256,17.40,"American Flag Engraving Design",,,,,,,,,,
Product Personalization - Engraving Designs,Military,281942,17.40,"Iwo Jima Engraving Design",,,,,,,,,,
Product Personalization - Engraving Designs,Military,284954,17.40,"US Flag Engraving",,,,,,,,,,
Product Personalization - Engraving Designs,Military,183231,17.40,"Air Force Engraving Design",,,,,,,,,,
Product Personalization - Engraving Designs,Military,183227,17.40,"Army Engraving Design",,,,,,,,,,
Product Personalization - Engraving Designs,Infant/Youth,284962,17.40,"Football Engraving",,,,,,,,,,
Product Personalization - Engraving Designs,Infant/Youth,183271,17.40,"Boy Angel Engraving Design",,,,,,,,,,
Product Personalization - Engraving Designs,Infant/Youth,284955,17.40,"Bear Engraving",,,,,,,,,,
Product Personalization - Engraving Designs,Infant/Youth,281937,17.40,"Girl Engraving Design",,,,,,,,,,
Product Personalization - Engraving Designs,Infant/Youth,183355,17.40,"Bear And Daisy Engraving Design",,,,,,,,,,
Product Personalization - Engraving Designs,Infant/Youth,183272,17.40,"Girl Angel Engraving Design",,,,,,,,,,
Product Personalization - Engraving Designs,Infant/Youth,183576,17.40,"Rocking Horse Engraving Design",,,,,,,,,,
Urns & Keepsakes - Remembrance Keepsakes ** Extended Delivery Time Required,Cloisonne Classic ** Extended Delivery Time Required,270110,135.72,"Blue Butterfly Cloisonne Keepsake",,,,,,,5.50,5.50,,2
